Method,Payoff,S0,E,r,sigma,T,N,M,Parallel,T_overall,T_calculation,Result,Error
Serial,call,100,50,0.02,0.75,1,100,0,0,9.6955e-05,8.828e-05,55.60250687,0.0167133657
OMP,call,100,50,0.02,0.75,1,100,0,1,9.9914e-05,9.0478e-05,55.60250687,0.0167133657
OMP,call,100,50,0.02,0.75,1,100,0,2,0.000187534,0.000178287,55.60250687,0.0167133657
OMP,call,100,50,0.02,0.75,1,100,0,4,0.000255474,0.000246227,55.60250687,0.0167133657
OMP,call,100,50,0.02,0.75,1,100,0,8,0.000442608,0.000433754,55.60250687,0.0167133657
MPI,call,100,50,0.02,0.75,1,100,0,1,0.030118562,0.000132667,55.60250687,0.0167133657
Hybrid,call,100,50,0.02,0.75,1,100,0,1001,0.01176458,0.000143193,55.60250687,0.0167133657
Hybrid,call,100,50,0.02,0.75,1,100,0,1002,0.011807478,0.000200478,55.60250687,0.0167133657
Hybrid,call,100,50,0.02,0.75,1,100,0,1004,0.011582652,0.000227241,3.671114097,-51.9146794
Hybrid,call,100,50,0.02,0.75,1,100,0,1008,0.012184073,0.0005107,3.671114097,-51.9146794
MPI,call,100,50,0.02,0.75,1,100,0,2,0.026242439,0.000139212,55.60250687,0.0167133657
Hybrid,call,100,50,0.02,0.75,1,100,0,2001,0.014018466,0.000203071,55.60250687,0.0167133657
Hybrid,call,100,50,0.02,0.75,1,100,0,2002,0.013874261,0.000173646,55.60250687,0.0167133657
Hybrid,call,100,50,0.02,0.75,1,100,0,2004,0.01399943,0.000225038,55.60243764,0.01664414235
Hybrid,call,100,50,0.02,0.75,1,100,0,2008,0.014495111,0.000370821,55.60243764,0.01664414235
MPI,call,100,50,0.02,0.75,1,100,0,4,0.02536223,0.000155946,55.60250687,0.0167133657
Hybrid,call,100,50,0.02,0.75,1,100,0,4001,0.026991056,0.000344318,55.60250687,0.0167133657
Hybrid,call,100,50,0.02,0.75,1,100,0,4002,0.032298223,0.006391232,55.60250687,0.0167133657
Hybrid,call,100,50,0.02,0.75,1,100,0,4004,0.042052044,0.016483756,55.60250687,0.0167133657
Hybrid,call,100,50,0.02,0.75,1,100,0,4008,0.027115309,0.000379711,55.60250687,0.0167133657
MPI,call,100,50,0.02,0.75,1,100,0,8,0.06577028,0.007404165,55.60250687,0.0167133657
Hybrid,call,100,50,0.02,0.75,1,100,0,8001,0.059733588,9.2975e-05,55.60250687,0.0167133657
Hybrid,call,100,50,0.02,0.75,1,100,0,8002,0.074811107,0.014130794,55.60250687,0.0167133657
Hybrid,call,100,50,0.02,0.75,1,100,0,8004,0.111621291,0.051067,55.60250687,0.0167133657
Hybrid,call,100,50,0.02,0.75,1,100,0,8008,0.075053852,0.015002072,55.60250687,0.0167133657
Serial,call,100,50,0.02,0.75,1,250,0,0,0.000347106,0.000338628,55.58841021,0.002616709231
OMP,call,100,50,0.02,0.75,1,250,0,1,0.000357727,0.000347939,55.58841021,0.002616709231
OMP,call,100,50,0.02,0.75,1,250,0,2,0.000503519,0.000494642,55.58841021,0.002616709231
OMP,call,100,50,0.02,0.75,1,250,0,4,0.000712197,0.000703216,55.58841021,0.002616709231
OMP,call,100,50,0.02,0.75,1,250,0,8,0.000615659,0.000607227,55.58841021,0.002616709231
MPI,call,100,50,0.02,0.75,1,250,0,1,0.011592261,0.000402489,55.58841021,0.002616709231
Hybrid,call,100,50,0.02,0.75,1,250,0,1001,0.012077727,0.000464201,55.58841021,0.002616709231
Hybrid,call,100,50,0.02,0.75,1,250,0,1002,0.012099014,0.000661501,55.58841021,0.002616709231
Hybrid,call,100,50,0.02,0.75,1,250,0,1004,0.01224365,0.000696625,2.325278456,-53.26051504
Hybrid,call,100,50,0.02,0.75,1,250,0,1008,0.012502796,0.001004028,2.325278456,-53.26051504
MPI,call,100,50,0.02,0.75,1,250,0,2,0.013802383,0.000287313,55.58841021,0.002616709231
Hybrid,call,100,50,0.02,0.75,1,250,0,2001,0.013997189,0.000265755,55.58841021,0.002616709231
Hybrid,call,100,50,0.02,0.75,1,250,0,2002,0.0143582,0.000441779,55.58841021,0.002616709231
Hybrid,call,100,50,0.02,0.75,1,250,0,2004,0.014399785,0.00041115,55.58841021,0.002616709231
Hybrid,call,100,50,0.02,0.75,1,250,0,2008,0.014332644,0.000569849,55.58841021,0.002616709231
MPI,call,100,50,0.02,0.75,1,250,0,4,0.025623036,0.000403581,55.58841021,0.002616709231
Hybrid,call,100,50,0.02,0.75,1,250,0,4001,0.027190455,0.000263933,55.58841021,0.002616709231
Hybrid,call,100,50,0.02,0.75,1,250,0,4002,0.032583324,0.007605173,55.58841021,0.002616709231
Hybrid,call,100,50,0.02,0.75,1,250,0,4004,0.043338125,0.016530894,55.58841021,0.002616709231
Hybrid,call,100,50,0.02,0.75,1,250,0,4008,0.033336694,0.006760222,55.58841021,0.002616709231
MPI,call,100,50,0.02,0.75,1,250,0,8,0.068143644,0.009743607,55.58841021,0.002616709231
Hybrid,call,100,50,0.02,0.75,1,250,0,8001,0.067971193,0.008838722,55.58841021,0.002616709231
Hybrid,call,100,50,0.02,0.75,1,250,0,8002,0.072603471,0.011399525,55.58841021,0.002616709231
Hybrid,call,100,50,0.02,0.75,1,250,0,8004,0.102762121,0.042107186,55.58841021,0.002616709231
Hybrid,call,100,50,0.02,0.75,1,250,0,8008,0.059804513,0.001770379,55.58841021,0.002616709231
Serial,call,100,50,0.02,0.75,1,500,0,0,0.001308389,0.001296854,55.58671568,0.0009221750828
OMP,call,100,50,0.02,0.75,1,500,0,1,0.001260812,0.001251244,55.58671568,0.0009221750828
OMP,call,100,50,0.02,0.75,1,500,0,2,0.001486894,0.001472618,55.58671568,0.0009221750828
OMP,call,100,50,0.02,0.75,1,500,0,4,0.002302343,0.002293557,55.58671568,0.0009221750828
OMP,call,100,50,0.02,0.75,1,500,0,8,0.001627223,0.001618629,55.58671568,0.0009221750828
MPI,call,100,50,0.02,0.75,1,500,0,1,0.013128606,0.001722316,55.58671568,0.0009221750829
Hybrid,call,100,50,0.02,0.75,1,500,0,1001,0.013175878,0.001489942,55.58671568,0.0009221750828
Hybrid,call,100,50,0.02,0.75,1,500,0,1002,0.013686691,0.002160754,55.58671568,0.0009221750828
Hybrid,call,100,50,0.02,0.75,1,500,0,1004,0.01288946,0.001653982,1.645037001,-53.9407565
Hybrid,call,100,50,0.02,0.75,1,500,0,1008,0.013429927,0.002035448,55.58671568,0.0009221750828
MPI,call,100,50,0.02,0.75,1,500,0,2,0.014885936,0.000849686,55.58671568,0.0009221750829
Hybrid,call,100,50,0.02,0.75,1,500,0,2001,0.014795139,0.000877175,55.58671568,0.0009221750828
Hybrid,call,100,50,0.02,0.75,1,500,0,2002,0.015190893,0.001337735,55.58671568,0.0009221750828
Hybrid,call,100,50,0.02,0.75,1,500,0,2004,0.015430273,0.00110123,55.58671568,0.0009221750828
Hybrid,call,100,50,0.02,0.75,1,500,0,2008,0.015073124,0.001177654,55.58671568,0.0009221750828
MPI,call,100,50,0.02,0.75,1,500,0,4,0.0290545,0.002866952,55.58671568,0.0009221750829
Hybrid,call,100,50,0.02,0.75,1,500,0,4001,0.026294635,0.000781058,55.58671568,0.0009221750828
Hybrid,call,100,50,0.02,0.75,1,500,0,4002,0.031286866,0.005581201,55.58671568,0.0009221750828
Hybrid,call,100,50,0.02,0.75,1,500,0,4004,0.047015928,0.020266389,55.58671568,0.0009221750828
Hybrid,call,100,50,0.02,0.75,1,500,0,4008,0.027531213,0.001766706,55.58671568,0.0009221750828
MPI,call,100,50,0.02,0.75,1,500,0,8,0.060766963,0.00477443,55.58671568,0.0009221750829
Hybrid,call,100,50,0.02,0.75,1,500,0,8001,0.06278513,0.003109693,55.58671568,0.0009221750828
Hybrid,call,100,50,0.02,0.75,1,500,0,8002,0.081463391,0.016986364,55.58671568,0.0009221750828
Hybrid,call,100,50,0.02,0.75,1,500,0,8004,0.111901659,0.053245237,55.58671568,0.0009221750828
Hybrid,call,100,50,0.02,0.75,1,500,0,8008,0.064153805,0.002365408,55.58671568,0.0009221750828
Serial,call,100,50,0.02,0.75,1,750,0,0,0.002806034,0.0027976,55.58604866,0.0002551586572
OMP,call,100,50,0.02,0.75,1,750,0,1,0.002762787,0.002751013,55.58604866,0.0002551586572
OMP,call,100,50,0.02,0.75,1,750,0,2,0.003129417,0.00312058,55.58604866,0.0002551586572
OMP,call,100,50,0.02,0.75,1,750,0,4,0.003898609,0.003889783,55.58604866,0.0002551586572
OMP,call,100,50,0.02,0.75,1,750,0,8,0.003041831,0.00303349,55.58604866,0.0002551586572
MPI,call,100,50,0.02,0.75,1,750,0,1,0.014402838,0.003043903,55.58604866,0.0002551586572
Hybrid,call,100,50,0.02,0.75,1,750,0,1001,0.014195229,0.002782202,55.58604866,0.0002551586572
Hybrid,call,100,50,0.02,0.75,1,750,0,1002,0.015420006,0.003816767,55.58604866,0.0002551586572
Hybrid,call,100,50,0.02,0.75,1,750,0,1004,0.015345303,0.003632525,55.58604866,0.0002551586572
Hybrid,call,100,50,0.02,0.75,1,750,0,1008,0.014796475,0.003359359,55.58604866,0.0002551586572
MPI,call,100,50,0.02,0.75,1,750,0,2,0.015326361,0.001858784,55.58604866,0.0002551586572
Hybrid,call,100,50,0.02,0.75,1,750,0,2001,0.0156212,0.001868947,55.58604866,0.0002551586572
Hybrid,call,100,50,0.02,0.75,1,750,0,2002,0.016366307,0.002707995,55.58604866,0.0002551586572
Hybrid,call,100,50,0.02,0.75,1,750,0,2004,0.015667199,0.002008881,55.58604866,0.0002551586572
Hybrid,call,100,50,0.02,0.75,1,750,0,2008,0.015801377,0.002131858,55.58604866,0.0002551586572
MPI,call,100,50,0.02,0.75,1,750,0,4,0.028455988,0.002047492,55.58604866,0.0002551586572
Hybrid,call,100,50,0.02,0.75,1,750,0,4001,0.0275816,0.001694574,55.58604866,0.0002551586572
Hybrid,call,100,50,0.02,0.75,1,750,0,4002,0.034325773,0.008725187,55.58604866,0.0002551586572
Hybrid,call,100,50,0.02,0.75,1,750,0,4004,0.048161663,0.022240767,55.58604866,0.0002551586572
Hybrid,call,100,50,0.02,0.75,1,750,0,4008,0.030250588,0.003156185,55.58604866,0.0002551586572
MPI,call,100,50,0.02,0.75,1,750,0,8,0.064762006,0.005744868,55.58604866,0.0002551586572
Hybrid,call,100,50,0.02,0.75,1,750,0,8001,0.063576025,0.001684249,55.58604866,0.0002551586572
Hybrid,call,100,50,0.02,0.75,1,750,0,8002,0.084849002,0.022600059,55.58604866,0.0002551586572
Hybrid,call,100,50,0.02,0.75,1,750,0,8004,0.107247452,0.048698068,55.58604866,0.0002551586572
Hybrid,call,100,50,0.02,0.75,1,750,0,8008,0.070721575,0.011794073,55.58604866,0.0002551586572
Serial,call,100,50,0.02,0.75,1,1000,0,0,0.004806657,0.004798199,55.5857935,2.514227049e-09
OMP,call,100,50,0.02,0.75,1,1000,0,1,0.004915198,0.004905446,55.5857935,2.514227049e-09
OMP,call,100,50,0.02,0.75,1,1000,0,2,0.005225616,0.00521637,55.5857935,2.514227049e-09
OMP,call,100,50,0.02,0.75,1,1000,0,4,0.006019885,0.006011174,55.5857935,2.514227049e-09
OMP,call,100,50,0.02,0.75,1,1000,0,8,0.005354256,0.005343526,55.5857935,2.514227049e-09
MPI,call,100,50,0.02,0.75,1,1000,0,1,0.016088871,0.00501172,55.5857935,2.514212838e-09
Hybrid,call,100,50,0.02,0.75,1,1000,0,1001,0.017194167,0.004951521,55.5857935,2.514227049e-09
Hybrid,call,100,50,0.02,0.75,1,1000,0,1002,0.017391787,0.005853886,55.5857935,2.514227049e-09
Hybrid,call,100,50,0.02,0.75,1,1000,0,1004,0.017297509,0.005532755,1.163505723,-54.42228778
Hybrid,call,100,50,0.02,0.75,1,1000,0,1008,0.016997991,0.005552244,55.5857935,2.514227049e-09
MPI,call,100,50,0.02,0.75,1,1000,0,2,0.016930297,0.003206648,55.5857935,2.514212838e-09
Hybrid,call,100,50,0.02,0.75,1,1000,0,2001,0.016866884,0.003209989,55.5857935,2.514227049e-09
Hybrid,call,100,50,0.02,0.75,1,1000,0,2002,0.018122366,0.004237577,55.5857935,2.514227049e-09
Hybrid,call,100,50,0.02,0.75,1,1000,0,2004,0.017070413,0.003403001,55.5857935,2.514227049e-09
Hybrid,call,100,50,0.02,0.75,1,1000,0,2008,0.017081949,0.003608985,55.5857935,2.514227049e-09
MPI,call,100,50,0.02,0.75,1,1000,0,4,0.029548081,0.004121448,55.5857935,2.514212838e-09
Hybrid,call,100,50,0.02,0.75,1,1000,0,4001,0.028839878,0.002653618,55.5857935,2.514227049e-09
Hybrid,call,100,50,0.02,0.75,1,1000,0,4002,0.033831701,0.006626311,55.5857935,2.514227049e-09
Hybrid,call,100,50,0.02,0.75,1,1000,0,4004,0.044162879,0.017030959,55.5857935,2.514227049e-09
Hybrid,call,100,50,0.02,0.75,1,1000,0,4008,0.028174571,0.00339901,55.5857935,2.514227049e-09
MPI,call,100,50,0.02,0.75,1,1000,0,8,0.062867336,0.004812334,55.5857935,2.514212838e-09
Hybrid,call,100,50,0.02,0.75,1,1000,0,8001,0.061979031,0.004298811,55.5857935,2.514227049e-09
Hybrid,call,100,50,0.02,0.75,1,1000,0,8002,0.088087174,0.027491322,55.5857935,2.514227049e-09
Hybrid,call,100,50,0.02,0.75,1,1000,0,8004,0.109736572,0.051072219,55.5857935,2.514227049e-09
Hybrid,call,100,50,0.02,0.75,1,1000,0,8008,0.072239844,0.014726644,55.5857935,2.514227049e-09
Serial,call,100,50,0.02,0.75,1,1500,0,0,0.010828745,0.010819919,-nan,-nan
OMP,call,100,50,0.02,0.75,1,1500,0,1,0.011830117,0.011820746,-nan,-nan
OMP,call,100,50,0.02,0.75,1,1500,0,2,0.011042701,0.011033806,-nan,-nan
OMP,call,100,50,0.02,0.75,1,1500,0,4,0.01186322,0.011854983,-nan,-nan
OMP,call,100,50,0.02,0.75,1,1500,0,8,0.01309362,0.0130849,-nan,-nan
MPI,call,100,50,0.02,0.75,1,1500,0,1,0.022913804,0.011188839,-nan,-nan
Hybrid,call,100,50,0.02,0.75,1,1500,0,1001,0.022470568,0.010936409,-nan,-nan
Hybrid,call,100,50,0.02,0.75,1,1500,0,1002,0.023367833,0.01178576,-nan,-nan
Hybrid,call,100,50,0.02,0.75,1,1500,0,1004,0.022446114,0.011212241,-nan,-nan
Hybrid,call,100,50,0.02,0.75,1,1500,0,1008,0.022722249,0.011343577,-nan,-nan
MPI,call,100,50,0.02,0.75,1,1500,0,2,0.020995769,0.007210392,-nan,-nan
Hybrid,call,100,50,0.02,0.75,1,1500,0,2001,0.021002176,0.007371994,-nan,-nan
Hybrid,call,100,50,0.02,0.75,1,1500,0,2002,0.021897823,0.007991918,-nan,-nan
Hybrid,call,100,50,0.02,0.75,1,1500,0,2004,0.021336461,0.007296832,-nan,-nan
Hybrid,call,100,50,0.02,0.75,1,1500,0,2008,0.021522321,0.007715715,-nan,-nan
MPI,call,100,50,0.02,0.75,1,1500,0,4,0.035533608,0.009117699,-nan,-nan
Hybrid,call,100,50,0.02,0.75,1,1500,0,4001,0.031364567,0.005642318,-nan,-nan
Hybrid,call,100,50,0.02,0.75,1,1500,0,4002,0.038382754,0.01200783,-nan,-nan
Hybrid,call,100,50,0.02,0.75,1,1500,0,4004,0.054514433,0.028466698,-nan,-nan
Hybrid,call,100,50,0.02,0.75,1,1500,0,4008,0.034287438,0.00845499,-nan,-nan
MPI,call,100,50,0.02,0.75,1,1500,0,8,0.070219442,0.009777016,-nan,-nan
Hybrid,call,100,50,0.02,0.75,1,1500,0,8001,0.070452707,0.008522455,-nan,-nan
Hybrid,call,100,50,0.02,0.75,1,1500,0,8002,0.089377411,0.029093591,-nan,-nan
Hybrid,call,100,50,0.02,0.75,1,1500,0,8004,0.117439989,0.057563237,-nan,-nan
Hybrid,call,100,50,0.02,0.75,1,1500,0,8008,0.069712057,0.008028114,-nan,-nan
Serial,call,100,75,0.02,0.75,1,100,0,0,0.000123122,0.00011178,40.56760678,-0.02264558736
OMP,call,100,75,0.02,0.75,1,100,0,1,9.7554e-05,8.7536e-05,40.56760678,-0.02264558736
OMP,call,100,75,0.02,0.75,1,100,0,2,0.000180381,0.000168287,40.56760678,-0.02264558736
OMP,call,100,75,0.02,0.75,1,100,0,4,0.000253125,0.000243603,40.56760678,-0.02264558736
OMP,call,100,75,0.02,0.75,1,100,0,8,0.000473986,0.00046513,40.56760678,-0.02264558736
MPI,call,100,75,0.02,0.75,1,100,0,1,0.025721816,8.5379e-05,40.56760678,-0.02264558736
Hybrid,call,100,75,0.02,0.75,1,100,0,1001,0.011724088,9.3971e-05,40.56760678,-0.02264558736
Hybrid,call,100,75,0.02,0.75,1,100,0,1002,0.011770785,0.000217481,40.56760678,-0.02264558736
Hybrid,call,100,75,0.02,0.75,1,100,0,1004,0.011776971,0.000275905,1.835557048,-38.75469532
Hybrid,call,100,75,0.02,0.75,1,100,0,1008,0.01196036,0.000360251,1.835557048,-38.75469532
MPI,call,100,75,0.02,0.75,1,100,0,2,0.01347864,8.5682e-05,40.56760678,-0.02264558736
Hybrid,call,100,75,0.02,0.75,1,100,0,2001,0.014341917,0.000103207,40.56760678,-0.02264558736
Hybrid,call,100,75,0.02,0.75,1,100,0,2002,0.014212113,0.000147794,40.56760678,-0.02264558736
Hybrid,call,100,75,0.02,0.75,1,100,0,2004,0.01408126,0.000257861,40.56753789,-0.02271447907
Hybrid,call,100,75,0.02,0.75,1,100,0,2008,0.014124965,0.0003591,40.56753789,-0.02271447907
MPI,call,100,75,0.02,0.75,1,100,0,4,0.02519345,0.000317339,40.56760678,-0.02264558736
Hybrid,call,100,75,0.02,0.75,1,100,0,4001,0.02785625,0.000201961,40.56760678,-0.02264558736
Hybrid,call,100,75,0.02,0.75,1,100,0,4002,0.034501662,0.009104425,40.56760678,-0.02264558736
Hybrid,call,100,75,0.02,0.75,1,100,0,4004,0.047312094,0.021696703,40.56760678,-0.02264558736
Hybrid,call,100,75,0.02,0.75,1,100,0,4008,0.027737871,0.000719195,40.56760678,-0.02264558736
MPI,call,100,75,0.02,0.75,1,100,0,8,0.071811342,0.007839359,40.56760678,-0.02264558736
Hybrid,call,100,75,0.02,0.75,1,100,0,8001,0.069259092,0.008784897,40.56760678,-0.02264558736
Hybrid,call,100,75,0.02,0.75,1,100,0,8002,0.085943478,0.020966523,40.56760678,-0.02264558736
Hybrid,call,100,75,0.02,0.75,1,100,0,8004,0.105770951,0.043526088,40.56760678,-0.02264558736
Hybrid,call,100,75,0.02,0.75,1,100,0,8008,0.064437637,0.003566164,40.56760678,-0.02264558736
Serial,call,100,75,0.02,0.75,1,250,0,0,0.000352109,0.000341396,40.57507254,-0.01517983127
OMP,call,100,75,0.02,0.75,1,250,0,1,0.000373736,0.000364281,40.57507254,-0.01517983127
OMP,call,100,75,0.02,0.75,1,250,0,2,0.000479463,0.000468702,40.57507254,-0.01517983127
OMP,call,100,75,0.02,0.75,1,250,0,4,0.000695097,0.000685476,40.57507254,-0.01517983127
OMP,call,100,75,0.02,0.75,1,250,0,8,0.000655848,0.000646527,40.57507254,-0.01517983127
MPI,call,100,75,0.02,0.75,1,250,0,1,0.013639979,0.000400861,40.57507254,-0.01517983127
Hybrid,call,100,75,0.02,0.75,1,250,0,1001,0.012070114,0.000349198,40.57507254,-0.01517983127
Hybrid,call,100,75,0.02,0.75,1,250,0,1002,0.012290774,0.000733766,40.57507254,-0.01517983127
Hybrid,call,100,75,0.02,0.75,1,250,0,1004,0.011747986,0.000543326,1.162639228,-39.42761314
Hybrid,call,100,75,0.02,0.75,1,250,0,1008,0.012021946,0.000726017,1.162639228,-39.42761314
MPI,call,100,75,0.02,0.75,1,250,0,2,0.014068269,0.000304727,40.57507254,-0.01517983127
Hybrid,call,100,75,0.02,0.75,1,250,0,2001,0.014448838,0.000341852,40.57507254,-0.01517983127
Hybrid,call,100,75,0.02,0.75,1,250,0,2002,0.014589485,0.000489779,40.57507254,-0.01517983127
Hybrid,call,100,75,0.02,0.75,1,250,0,2004,0.014434481,0.000415439,40.57507254,-0.01517983127
Hybrid,call,100,75,0.02,0.75,1,250,0,2008,0.014720792,0.000558504,40.57507254,-0.01517983127
MPI,call,100,75,0.02,0.75,1,250,0,4,0.026497086,0.000227283,40.57507254,-0.01517983127
Hybrid,call,100,75,0.02,0.75,1,250,0,4001,0.026025797,0.000536628,40.57507254,-0.01517983127
Hybrid,call,100,75,0.02,0.75,1,250,0,4002,0.031230293,0.005551238,40.57507254,-0.01517983127
Hybrid,call,100,75,0.02,0.75,1,250,0,4004,0.047290599,0.021662311,40.57507254,-0.01517983127
Hybrid,call,100,75,0.02,0.75,1,250,0,4008,0.029590326,0.004018542,40.57507254,-0.01517983127
MPI,call,100,75,0.02,0.75,1,250,0,8,0.065772742,0.005495249,40.57507254,-0.01517983127
Hybrid,call,100,75,0.02,0.75,1,250,0,8001,0.06129304,0.000647256,40.57507254,-0.01517983127
Hybrid,call,100,75,0.02,0.75,1,250,0,8002,0.082366534,0.022488863,40.57507254,-0.01517983127
Hybrid,call,100,75,0.02,0.75,1,250,0,8004,0.10815431,0.045894449,40.57507254,-0.01517983127
Hybrid,call,100,75,0.02,0.75,1,250,0,8008,0.073135553,0.01127887,40.57507254,-0.01517983127
Serial,call,100,75,0.02,0.75,1,500,0,0,0.001249937,0.001241397,40.59957383,0.009321461183
OMP,call,100,75,0.02,0.75,1,500,0,1,0.001361205,0.001351863,40.59957383,0.009321461183
OMP,call,100,75,0.02,0.75,1,500,0,2,0.001480026,0.001470273,40.59957383,0.009321461183
OMP,call,100,75,0.02,0.75,1,500,0,4,0.002291866,0.002279957,40.59957383,0.009321461183
OMP,call,100,75,0.02,0.75,1,500,0,8,0.001793949,0.001784783,40.59957383,0.009321461183
MPI,call,100,75,0.02,0.75,1,500,0,1,0.013021232,0.001461077,40.59957383,0.009321461183
Hybrid,call,100,75,0.02,0.75,1,500,0,1001,0.01282488,0.001580534,40.59957383,0.009321461183
Hybrid,call,100,75,0.02,0.75,1,500,0,1002,0.013738065,0.00233714,40.59957383,0.009321461183
Hybrid,call,100,75,0.02,0.75,1,500,0,1004,0.013362706,0.001716208,40.59957383,0.009321461183
Hybrid,call,100,75,0.02,0.75,1,500,0,1008,0.01337981,0.001886998,0.8225185006,-39.76773387
MPI,call,100,75,0.02,0.75,1,500,0,2,0.014783647,0.000876048,40.59957383,0.009321461183
Hybrid,call,100,75,0.02,0.75,1,500,0,2001,0.014863306,0.000865747,40.59957383,0.009321461183
Hybrid,call,100,75,0.02,0.75,1,500,0,2002,0.015365214,0.00137601,40.59957383,0.009321461183
Hybrid,call,100,75,0.02,0.75,1,500,0,2004,0.014803748,0.001046807,40.59957383,0.009321461183
Hybrid,call,100,75,0.02,0.75,1,500,0,2008,0.015019068,0.001221959,40.59957383,0.009321461183
MPI,call,100,75,0.02,0.75,1,500,0,4,0.026562179,0.001276253,40.59957383,0.009321461183
Hybrid,call,100,75,0.02,0.75,1,500,0,4001,0.026176538,0.000879298,40.59957383,0.009321461183
Hybrid,call,100,75,0.02,0.75,1,500,0,4002,0.031570997,0.005827096,40.59957383,0.009321461183
Hybrid,call,100,75,0.02,0.75,1,500,0,4004,0.052910679,0.027509394,40.59957383,0.009321461183
Hybrid,call,100,75,0.02,0.75,1,500,0,4008,0.032924365,0.00688562,40.59957383,0.009321461183
MPI,call,100,75,0.02,0.75,1,500,0,8,0.059688876,0.002730535,40.59957383,0.009321461183
Hybrid,call,100,75,0.02,0.75,1,500,0,8001,0.064378422,0.004004604,40.59957383,0.009321461183
Hybrid,call,100,75,0.02,0.75,1,500,0,8002,0.076847767,0.013410482,40.59957383,0.009321461183
Hybrid,call,100,75,0.02,0.75,1,500,0,8004,0.105766547,0.046962427,40.59957383,0.009321461183
Hybrid,call,100,75,0.02,0.75,1,500,0,8008,0.07075556,0.009954338,40.59957383,0.009321461183
Serial,call,100,75,0.02,0.75,1,750,0,0,0.002775322,0.002766277,40.59661394,0.006361565991
OMP,call,100,75,0.02,0.75,1,750,0,1,0.002821488,0.002812101,40.59661394,0.006361565991
OMP,call,100,75,0.02,0.75,1,750,0,2,0.003063525,0.003054305,40.59661394,0.006361565991
OMP,call,100,75,0.02,0.75,1,750,0,4,0.003924692,0.003915439,40.59661394,0.006361565991
OMP,call,100,75,0.02,0.75,1,750,0,8,0.003207278,0.003198314,40.59661394,0.006361565991
MPI,call,100,75,0.02,0.75,1,750,0,1,0.014447457,0.003110248,40.59661394,0.006361565991
Hybrid,call,100,75,0.02,0.75,1,750,0,1001,0.016073546,0.002905883,40.59661394,0.006361565991
Hybrid,call,100,75,0.02,0.75,1,750,0,1002,0.015370095,0.004085353,40.59661394,0.006361565991
Hybrid,call,100,75,0.02,0.75,1,750,0,1004,0.014667946,0.003243581,0.671694738,-39.91855763
Hybrid,call,100,75,0.02,0.75,1,750,0,1008,0.015105565,0.003446109,0.671694738,-39.91855763
MPI,call,100,75,0.02,0.75,1,750,0,2,0.01556505,0.001870244,40.59661394,0.006361565991
Hybrid,call,100,75,0.02,0.75,1,750,0,2001,0.015719548,0.001825128,40.59661394,0.006361565991
Hybrid,call,100,75,0.02,0.75,1,750,0,2002,0.016499823,0.002714498,40.59661394,0.006361565991
Hybrid,call,100,75,0.02,0.75,1,750,0,2004,0.015732183,0.002015429,40.59661394,0.006361565991
Hybrid,call,100,75,0.02,0.75,1,750,0,2008,0.015717405,0.002208355,40.59661394,0.006361565991
MPI,call,100,75,0.02,0.75,1,750,0,4,0.029431828,0.001531334,40.59661394,0.006361565991
Hybrid,call,100,75,0.02,0.75,1,750,0,4001,0.027184904,0.00212481,40.59661394,0.006361565991
Hybrid,call,100,75,0.02,0.75,1,750,0,4002,0.032501875,0.007199834,40.59661394,0.006361565991
Hybrid,call,100,75,0.02,0.75,1,750,0,4004,0.04377221,0.018122515,40.59661394,0.006361565991
Hybrid,call,100,75,0.02,0.75,1,750,0,4008,0.027945209,0.002115711,40.59661394,0.006361565991
MPI,call,100,75,0.02,0.75,1,750,0,8,0.06681062,0.001463297,40.59661394,0.006361565991
Hybrid,call,100,75,0.02,0.75,1,750,0,8001,0.06321866,0.005869355,40.59661394,0.006361565991
Hybrid,call,100,75,0.02,0.75,1,750,0,8002,0.091209978,0.029631223,40.59661394,0.006361565991
Hybrid,call,100,75,0.02,0.75,1,750,0,8004,0.108403684,0.048256233,40.59661394,0.006361565991
Hybrid,call,100,75,0.02,0.75,1,750,0,8008,0.074466024,0.011823269,40.59661394,0.006361565991
Serial,call,100,75,0.02,0.75,1,1000,0,0,0.00492376,0.004915031,40.59025237,1.037683717e-09
OMP,call,100,75,0.02,0.75,1,1000,0,1,0.004978456,0.004968975,40.59025237,1.037683717e-09
OMP,call,100,75,0.02,0.75,1,1000,0,2,0.005182563,0.005174084,40.59025237,1.037683717e-09
OMP,call,100,75,0.02,0.75,1,1000,0,4,0.006043387,0.006034535,40.59025237,1.037683717e-09
OMP,call,100,75,0.02,0.75,1,1000,0,8,0.005173333,0.00516507,40.59025237,1.037683717e-09
MPI,call,100,75,0.02,0.75,1,1000,0,1,0.016945387,0.00545725,40.59025237,1.037697928e-09
Hybrid,call,100,75,0.02,0.75,1,1000,0,1001,0.016228678,0.004912426,40.59025237,1.037690822e-09
Hybrid,call,100,75,0.02,0.75,1,1000,0,1002,0.017658734,0.005915493,40.59025237,1.037690822e-09
Hybrid,call,100,75,0.02,0.75,1,1000,0,1004,0.017040077,0.005374788,0.5817528613,-40.00849951
Hybrid,call,100,75,0.02,0.75,1,1000,0,1008,0.017248379,0.005629827,0.5817528613,-40.00849951
MPI,call,100,75,0.02,0.75,1,1000,0,2,0.017244762,0.003193093,40.59025237,1.037705033e-09
Hybrid,call,100,75,0.02,0.75,1,1000,0,2001,0.016975065,0.003232081,40.59025237,1.037690822e-09
Hybrid,call,100,75,0.02,0.75,1,1000,0,2002,0.017864523,0.004109901,40.59025237,1.037690822e-09
Hybrid,call,100,75,0.02,0.75,1,1000,0,2004,0.016968266,0.003375304,40.59025237,1.037690822e-09
Hybrid,call,100,75,0.02,0.75,1,1000,0,2008,0.017606441,0.003559372,40.59025237,1.037690822e-09
MPI,call,100,75,0.02,0.75,1,1000,0,4,0.030130973,0.004355905,40.59025237,1.037705033e-09
Hybrid,call,100,75,0.02,0.75,1,1000,0,4001,0.030179943,0.00401195,40.59025237,1.037690822e-09
Hybrid,call,100,75,0.02,0.75,1,1000,0,4002,0.034460747,0.009122303,40.59025237,1.037690822e-09
Hybrid,call,100,75,0.02,0.75,1,1000,0,4004,0.05235038,0.027040075,40.59025237,1.037690822e-09
Hybrid,call,100,75,0.02,0.75,1,1000,0,4008,0.029660233,0.004621807,40.59025237,1.037690822e-09
MPI,call,100,75,0.02,0.75,1,1000,0,8,0.065977923,0.005826593,40.59025237,1.037697928e-09
Hybrid,call,100,75,0.02,0.75,1,1000,0,8001,0.066430566,0.007184738,40.59025237,1.037683717e-09
Hybrid,call,100,75,0.02,0.75,1,1000,0,8002,0.07906596,0.017047673,40.59025237,1.037683717e-09
Hybrid,call,100,75,0.02,0.75,1,1000,0,8004,0.104903527,0.047349915,40.59025237,1.037683717e-09
Hybrid,call,100,75,0.02,0.75,1,1000,0,8008,0.074018412,0.012433196,40.59025237,1.037683717e-09
Serial,call,100,75,0.02,0.75,1,1500,0,0,0.010866991,0.010857779,-nan,-nan
OMP,call,100,75,0.02,0.75,1,1500,0,1,0.01114077,0.011131058,-nan,-nan
OMP,call,100,75,0.02,0.75,1,1500,0,2,0.011020456,0.011008804,-nan,-nan
OMP,call,100,75,0.02,0.75,1,1500,0,4,0.013212743,0.013201024,-nan,-nan
OMP,call,100,75,0.02,0.75,1,1500,0,8,0.01130967,0.011300879,-nan,-nan
MPI,call,100,75,0.02,0.75,1,1500,0,1,0.022240691,0.010945748,-nan,-nan
Hybrid,call,100,75,0.02,0.75,1,1500,0,1001,0.022284272,0.010997375,-nan,-nan
Hybrid,call,100,75,0.02,0.75,1,1500,0,1002,0.023162375,0.011814567,-nan,-nan
Hybrid,call,100,75,0.02,0.75,1,1500,0,1004,0.022959149,0.011246183,inf,inf
Hybrid,call,100,75,0.02,0.75,1,1500,0,1008,0.023103862,0.011647476,-nan,-nan
MPI,call,100,75,0.02,0.75,1,1500,0,2,0.020936376,0.007078702,-nan,-nan
Hybrid,call,100,75,0.02,0.75,1,1500,0,2001,0.02113271,0.007122978,-nan,-nan
Hybrid,call,100,75,0.02,0.75,1,1500,0,2002,0.021689987,0.007967535,-nan,-nan
Hybrid,call,100,75,0.02,0.75,1,1500,0,2004,0.021285101,0.007299936,-nan,-nan
Hybrid,call,100,75,0.02,0.75,1,1500,0,2008,0.021380397,0.00745067,-nan,-nan
MPI,call,100,75,0.02,0.75,1,1500,0,4,0.037067258,0.008479278,-nan,-nan
Hybrid,call,100,75,0.02,0.75,1,1500,0,4001,0.032122446,0.005632433,-nan,-nan
Hybrid,call,100,75,0.02,0.75,1,1500,0,4002,0.038031351,0.012635589,-nan,-nan
Hybrid,call,100,75,0.02,0.75,1,1500,0,4004,0.048179454,0.022442237,-nan,-nan
Hybrid,call,100,75,0.02,0.75,1,1500,0,4008,0.032875721,0.007989874,-nan,-nan
MPI,call,100,75,0.02,0.75,1,1500,0,8,0.072598656,0.011488105,-nan,-nan
Hybrid,call,100,75,0.02,0.75,1,1500,0,8001,0.07153131,0.011304444,-nan,-nan
Hybrid,call,100,75,0.02,0.75,1,1500,0,8002,0.087790434,0.027649773,-nan,-nan
Hybrid,call,100,75,0.02,0.75,1,1500,0,8004,0.105054822,0.045960377,-nan,-nan
Hybrid,call,100,75,0.02,0.75,1,1500,0,8008,0.065309308,0.006772991,-nan,-nan
Serial,call,100,95,0.02,0.75,1,100,0,0,9.8823e-05,8.9675e-05,31.84040471,0.05320999646
OMP,call,100,95,0.02,0.75,1,100,0,1,9.4271e-05,8.507e-05,31.84040471,0.05320999646
OMP,call,100,95,0.02,0.75,1,100,0,2,0.000167919,0.000156892,31.84040471,0.05320999646
OMP,call,100,95,0.02,0.75,1,100,0,4,0.000273588,0.000264866,31.84040471,0.05320999646
OMP,call,100,95,0.02,0.75,1,100,0,8,0.000443293,0.000434355,31.84040471,0.05320999646
MPI,call,100,95,0.02,0.75,1,100,0,1,0.026982965,0.000135298,31.84040471,0.05320999646
Hybrid,call,100,95,0.02,0.75,1,100,0,1001,0.011407874,9.7991e-05,31.84040471,0.05320999646
Hybrid,call,100,95,0.02,0.75,1,100,0,1002,0.012548346,0.000282413,31.84040471,0.05320999646
Hybrid,call,100,95,0.02,0.75,1,100,0,1004,0.011552637,0.000277051,0.3671114097,-31.4200833
Hybrid,call,100,95,0.02,0.75,1,100,0,1008,0.011979609,0.000415272,0.3671114097,-31.4200833
MPI,call,100,95,0.02,0.75,1,100,0,2,0.013670372,9.1308e-05,31.84040471,0.05320999646
Hybrid,call,100,95,0.02,0.75,1,100,0,2001,0.01358688,7.9839e-05,31.84040471,0.05320999646
Hybrid,call,100,95,0.02,0.75,1,100,0,2002,0.014208379,0.000269011,31.84040471,0.05320999646
Hybrid,call,100,95,0.02,0.75,1,100,0,2004,0.014195857,0.000247954,31.84033608,0.05314137007
Hybrid,call,100,95,0.02,0.75,1,100,0,2008,0.014410137,0.000368816,31.84033608,0.05314137007
MPI,call,100,95,0.02,0.75,1,100,0,4,0.026061594,8.6675e-05,31.84040471,0.05320999646
Hybrid,call,100,95,0.02,0.75,1,100,0,4001,0.026972545,0.000196461,31.84040471,0.05320999646
Hybrid,call,100,95,0.02,0.75,1,100,0,4002,0.028459613,0.002869024,31.84040471,0.05320999646
Hybrid,call,100,95,0.02,0.75,1,100,0,4004,0.047402209,0.021998744,31.84040471,0.05320999646
Hybrid,call,100,95,0.02,0.75,1,100,0,4008,0.025972173,0.0006657,31.84040471,0.05320999646
MPI,call,100,95,0.02,0.75,1,100,0,8,0.062601491,0.003985664,31.84040471,0.05320999646
Hybrid,call,100,95,0.02,0.75,1,100,0,8001,0.067701822,0.00735001,31.84040471,0.05320999646
Hybrid,call,100,95,0.02,0.75,1,100,0,8002,0.077028396,0.017070085,31.84040471,0.05320999646
Hybrid,call,100,95,0.02,0.75,1,100,0,8004,0.106739712,0.045728149,31.84040471,0.05320999646
Hybrid,call,100,95,0.02,0.75,1,100,0,8008,0.069077111,0.011839484,31.84040471,0.05320999646
Serial,call,100,95,0.02,0.75,1,250,0,0,0.000413104,0.000373641,31.81539661,0.02820189827
OMP,call,100,95,0.02,0.75,1,250,0,1,0.000359791,0.000347863,31.81539661,0.02820189827
OMP,call,100,95,0.02,0.75,1,250,0,2,0.000455003,0.000446262,31.81539661,0.02820189827
OMP,call,100,95,0.02,0.75,1,250,0,4,0.000727342,0.000716219,31.81539661,0.02820189827
OMP,call,100,95,0.02,0.75,1,250,0,8,0.000648927,0.000640181,31.81539661,0.02820189827
MPI,call,100,95,0.02,0.75,1,250,0,1,0.011812094,0.000390204,31.81539661,0.02820189827
Hybrid,call,100,95,0.02,0.75,1,250,0,1001,0.011569977,0.00042876,31.81539661,0.02820189827
Hybrid,call,100,95,0.02,0.75,1,250,0,1002,0.012261617,0.000660782,31.81539661,0.02820189827
Hybrid,call,100,95,0.02,0.75,1,250,0,1004,0.012142213,0.000589566,31.81539661,0.02820189827
Hybrid,call,100,95,0.02,0.75,1,250,0,1008,0.012237988,0.000654827,0.2325278456,-31.55466686
MPI,call,100,95,0.02,0.75,1,250,0,2,0.013910135,0.000285449,31.81539661,0.02820189827
Hybrid,call,100,95,0.02,0.75,1,250,0,2001,0.013745773,0.000271565,31.81539661,0.02820189827
Hybrid,call,100,95,0.02,0.75,1,250,0,2002,0.01427813,0.000436654,31.81539661,0.02820189827
Hybrid,call,100,95,0.02,0.75,1,250,0,2004,0.013988359,0.000430388,31.81539661,0.02820189827
Hybrid,call,100,95,0.02,0.75,1,250,0,2008,0.014423076,0.000571012,31.81539661,0.02820189827
MPI,call,100,95,0.02,0.75,1,250,0,4,0.025771777,0.000249117,31.81539661,0.02820189827
Hybrid,call,100,95,0.02,0.75,1,250,0,4001,0.026672827,0.000328883,31.81539661,0.02820189827
Hybrid,call,100,95,0.02,0.75,1,250,0,4002,0.030573967,0.004907692,31.81539661,0.02820189827
Hybrid,call,100,95,0.02,0.75,1,250,0,4004,0.041532908,0.016716549,31.81539661,0.02820189827
Hybrid,call,100,95,0.02,0.75,1,250,0,4008,0.028423082,0.003000275,31.81539661,0.02820189827
MPI,call,100,95,0.02,0.75,1,250,0,8,0.06941374,0.007516136,31.81539661,0.02820189827
Hybrid,call,100,95,0.02,0.75,1,250,0,8001,0.063429121,0.003768501,31.81539661,0.02820189827
Hybrid,call,100,95,0.02,0.75,1,250,0,8002,0.081571997,0.021086407,31.81539661,0.02820189827
Hybrid,call,100,95,0.02,0.75,1,250,0,8004,0.102712013,0.044155534,31.81539661,0.02820189827
Hybrid,call,100,95,0.02,0.75,1,250,0,8008,0.067501086,0.008237151,31.81539661,0.02820189827
Serial,call,100,95,0.02,0.75,1,500,0,0,0.001720893,0.001707402,31.79549347,0.008298760418
OMP,call,100,95,0.02,0.75,1,500,0,1,0.001284711,0.001274525,31.79549347,0.008298760418
OMP,call,100,95,0.02,0.75,1,500,0,2,0.001496762,0.001487634,31.79549347,0.008298760418
OMP,call,100,95,0.02,0.75,1,500,0,4,0.0022506,0.002242143,31.79549347,0.008298760418
OMP,call,100,95,0.02,0.75,1,500,0,8,0.001594113,0.00158332,31.79549347,0.008298760418
MPI,call,100,95,0.02,0.75,1,500,0,1,0.012964018,0.001429575,31.79549347,0.008298760418
Hybrid,call,100,95,0.02,0.75,1,500,0,1001,0.012957369,0.001519128,31.79549347,0.008298760418
Hybrid,call,100,95,0.02,0.75,1,500,0,1002,0.013788198,0.002131407,31.79549347,0.008298760418
Hybrid,call,100,95,0.02,0.75,1,500,0,1004,0.013038797,0.001762081,0.1645037001,-31.62269101
Hybrid,call,100,95,0.02,0.75,1,500,0,1008,0.013918754,0.001979194,31.79549347,0.008298760418
MPI,call,100,95,0.02,0.75,1,500,0,2,0.014695261,0.000842416,31.79549347,0.008298760418
Hybrid,call,100,95,0.02,0.75,1,500,0,2001,0.014495896,0.000866862,31.79549347,0.008298760418
Hybrid,call,100,95,0.02,0.75,1,500,0,2002,0.015245711,0.001333751,31.79549347,0.008298760418
Hybrid,call,100,95,0.02,0.75,1,500,0,2004,0.014639549,0.001039445,31.79549347,0.008298760418
Hybrid,call,100,95,0.02,0.75,1,500,0,2008,0.015093748,0.001173514,31.79549347,0.008298760418
MPI,call,100,95,0.02,0.75,1,500,0,4,0.026123275,0.000775041,31.79549347,0.008298760418
Hybrid,call,100,95,0.02,0.75,1,500,0,4001,0.028059773,0.000756333,31.79549347,0.008298760418
Hybrid,call,100,95,0.02,0.75,1,500,0,4002,0.030127397,0.004390663,31.79549347,0.008298760418
Hybrid,call,100,95,0.02,0.75,1,500,0,4004,0.046387807,0.020696532,31.79549347,0.008298760418
Hybrid,call,100,95,0.02,0.75,1,500,0,4008,0.027008475,0.001945951,31.79549347,0.008298760418
MPI,call,100,95,0.02,0.75,1,500,0,8,0.067061157,0.00508599,31.79549347,0.008298760418
Hybrid,call,100,95,0.02,0.75,1,500,0,8001,0.062067773,0.000916077,31.79549347,0.008298760418
Hybrid,call,100,95,0.02,0.75,1,500,0,8002,0.078620179,0.016709231,31.79549347,0.008298760418
Hybrid,call,100,95,0.02,0.75,1,500,0,8004,0.113698078,0.051264648,31.79549347,0.008298760418
Hybrid,call,100,95,0.02,0.75,1,500,0,8008,0.063641147,0.006431964,31.79549347,0.008298760418
Serial,call,100,95,0.02,0.75,1,750,0,0,0.002806822,0.002797512,31.78511565,-0.002079057422
OMP,call,100,95,0.02,0.75,1,750,0,1,0.002778546,0.002769585,31.78511565,-0.002079057422
OMP,call,100,95,0.02,0.75,1,750,0,2,0.003053103,0.003044036,31.78511565,-0.002079057422
OMP,call,100,95,0.02,0.75,1,750,0,4,0.003908801,0.003899645,31.78511565,-0.002079057422
OMP,call,100,95,0.02,0.75,1,750,0,8,0.003135367,0.003126764,31.78511565,-0.002079057422
MPI,call,100,95,0.02,0.75,1,750,0,1,0.014642731,0.003127958,31.78511565,-0.002079057422
Hybrid,call,100,95,0.02,0.75,1,750,0,1001,0.015085074,0.002856271,31.78511565,-0.002079057422
Hybrid,call,100,95,0.02,0.75,1,750,0,1002,0.015435178,0.003920776,31.78511565,-0.002079057422
Hybrid,call,100,95,0.02,0.75,1,750,0,1004,0.014775288,0.003088531,0.1343389476,-31.65285576
Hybrid,call,100,95,0.02,0.75,1,750,0,1008,0.014736236,0.003311261,0.1343389476,-31.65285576
MPI,call,100,95,0.02,0.75,1,750,0,2,0.01640807,0.001837495,31.78511565,-0.002079057422
Hybrid,call,100,95,0.02,0.75,1,750,0,2001,0.015505629,0.001856929,31.78511565,-0.002079057422
Hybrid,call,100,95,0.02,0.75,1,750,0,2002,0.016326228,0.002755363,31.78511565,-0.002079057422
Hybrid,call,100,95,0.02,0.75,1,750,0,2004,0.015755946,0.002090832,31.78511565,-0.002079057422
Hybrid,call,100,95,0.02,0.75,1,750,0,2008,0.015975632,0.002173119,31.78511565,-0.002079057422
MPI,call,100,95,0.02,0.75,1,750,0,4,0.029567458,0.004700959,31.78511565,-0.002079057422
Hybrid,call,100,95,0.02,0.75,1,750,0,4001,0.027283124,0.001552151,31.78511565,-0.002079057422
Hybrid,call,100,95,0.02,0.75,1,750,0,4002,0.034301734,0.006876243,31.78511565,-0.002079057422
Hybrid,call,100,95,0.02,0.75,1,750,0,4004,0.046056808,0.020660766,31.78511565,-0.002079057422
Hybrid,call,100,95,0.02,0.75,1,750,0,4008,0.028365255,0.002131989,31.78511565,-0.002079057422
MPI,call,100,95,0.02,0.75,1,750,0,8,0.06121774,0.002968921,31.78511565,-0.002079057422
Hybrid,call,100,95,0.02,0.75,1,750,0,8001,0.06611733,0.006036326,31.78511565,-0.002079057422
Hybrid,call,100,95,0.02,0.75,1,750,0,8002,0.080551691,0.021341379,31.78511565,-0.002079057422
Hybrid,call,100,95,0.02,0.75,1,750,0,8004,0.101144529,0.043994692,31.78511565,-0.002079057422
Hybrid,call,100,95,0.02,0.75,1,750,0,8008,0.061005628,0.003278724,31.78511565,-0.002079057422
Serial,call,100,95,0.02,0.75,1,1000,0,0,0.00490422,0.004895415,31.78719471,-3.247066616e-09
OMP,call,100,95,0.02,0.75,1,1000,0,1,0.004898318,0.004888376,31.78719471,-3.247066616e-09
OMP,call,100,95,0.02,0.75,1,1000,0,2,0.005113932,0.005104768,31.78719471,-3.247066616e-09
OMP,call,100,95,0.02,0.75,1,1000,0,4,0.006003999,0.005994442,31.78719471,-3.247066616e-09
OMP,call,100,95,0.02,0.75,1,1000,0,8,0.005401938,0.005392686,31.78719471,-3.247066616e-09
MPI,call,100,95,0.02,0.75,1,1000,0,1,0.016412837,0.005112262,31.78719471,-3.247066616e-09
Hybrid,call,100,95,0.02,0.75,1,1000,0,1001,0.017194514,0.005500207,31.78719471,-3.247066616e-09
Hybrid,call,100,95,0.02,0.75,1,1000,0,1002,0.017812089,0.006117983,31.78719471,-3.247066616e-09
Hybrid,call,100,95,0.02,0.75,1,1000,0,1004,0.016402255,0.005126363,31.78719471,-3.247066616e-09
Hybrid,call,100,95,0.02,0.75,1,1000,0,1008,0.017228166,0.005621615,31.78719471,-3.247066616e-09
MPI,call,100,95,0.02,0.75,1,1000,0,2,0.017385445,0.003185531,31.78719471,-3.247066616e-09
Hybrid,call,100,95,0.02,0.75,1,1000,0,2001,0.017068213,0.003193584,31.78719471,-3.247066616e-09
Hybrid,call,100,95,0.02,0.75,1,1000,0,2002,0.01771706,0.004115842,31.78719471,-3.247066616e-09
Hybrid,call,100,95,0.02,0.75,1,1000,0,2004,0.017072663,0.003351124,31.78719471,-3.247066616e-09
Hybrid,call,100,95,0.02,0.75,1,1000,0,2008,0.017423613,0.003520489,31.78719471,-3.247066616e-09
MPI,call,100,95,0.02,0.75,1,1000,0,4,0.029208175,0.00366062,31.78719471,-3.247066616e-09
Hybrid,call,100,95,0.02,0.75,1,1000,0,4001,0.029584888,0.002300222,31.78719471,-3.247066616e-09
Hybrid,call,100,95,0.02,0.75,1,1000,0,4002,0.034618218,0.008792262,31.78719471,-3.247066616e-09
Hybrid,call,100,95,0.02,0.75,1,1000,0,4004,0.047144447,0.02131523,31.78719471,-3.247066616e-09
Hybrid,call,100,95,0.02,0.75,1,1000,0,4008,0.028632683,0.003198559,31.78719471,-3.247066616e-09
MPI,call,100,95,0.02,0.75,1,1000,0,8,0.070236791,0.011045774,31.78719471,-3.247066616e-09
Hybrid,call,100,95,0.02,0.75,1,1000,0,8001,0.074893286,0.009971589,31.78719471,-3.247066616e-09
Hybrid,call,100,95,0.02,0.75,1,1000,0,8002,0.092889389,0.029973929,31.78719471,-3.247066616e-09
Hybrid,call,100,95,0.02,0.75,1,1000,0,8004,0.108357976,0.048570756,31.78719471,-3.247066616e-09
Hybrid,call,100,95,0.02,0.75,1,1000,0,8008,0.064804662,0.005712484,31.78719471,-3.247066616e-09
Serial,call,100,95,0.02,0.75,1,1500,0,0,0.011696603,0.011680986,-nan,-nan
OMP,call,100,95,0.02,0.75,1,1500,0,1,0.010762532,0.010753212,-nan,-nan
OMP,call,100,95,0.02,0.75,1,1500,0,2,0.011070402,0.011060917,-nan,-nan
OMP,call,100,95,0.02,0.75,1,1500,0,4,0.013569985,0.013558413,-nan,-nan
OMP,call,100,95,0.02,0.75,1,1500,0,8,0.011191157,0.0111792,-nan,-nan
MPI,call,100,95,0.02,0.75,1,1500,0,1,0.023703076,0.012068247,-nan,-nan
Hybrid,call,100,95,0.02,0.75,1,1500,0,1001,0.022575571,0.011142562,-nan,-nan
Hybrid,call,100,95,0.02,0.75,1,1500,0,1002,0.023047229,0.01165561,-nan,-nan
Hybrid,call,100,95,0.02,0.75,1,1500,0,1004,0.023022232,0.011352911,-nan,-nan
Hybrid,call,100,95,0.02,0.75,1,1500,0,1008,0.022726658,0.011329682,-nan,-nan
MPI,call,100,95,0.02,0.75,1,1500,0,2,0.020782577,0.007122132,-nan,-nan
Hybrid,call,100,95,0.02,0.75,1,1500,0,2001,0.020900194,0.007127239,-nan,-nan
Hybrid,call,100,95,0.02,0.75,1,1500,0,2002,0.021798524,0.008040636,-nan,-nan
Hybrid,call,100,95,0.02,0.75,1,1500,0,2004,0.020980163,0.007207302,-nan,-nan
Hybrid,call,100,95,0.02,0.75,1,1500,0,2008,0.032790849,0.007547372,-nan,-nan
MPI,call,100,95,0.02,0.75,1,1500,0,4,0.031131289,0.005632876,-nan,-nan
Hybrid,call,100,95,0.02,0.75,1,1500,0,4001,0.031295703,0.005579511,-nan,-nan
Hybrid,call,100,95,0.02,0.75,1,1500,0,4002,0.04010471,0.011762356,-nan,-nan
Hybrid,call,100,95,0.02,0.75,1,1500,0,4004,0.050909707,0.025233994,-nan,-nan
Hybrid,call,100,95,0.02,0.75,1,1500,0,4008,0.032592571,0.006460773,-nan,-nan
MPI,call,100,95,0.02,0.75,1,1500,0,8,0.071298879,0.01035358,-nan,-nan
Hybrid,call,100,95,0.02,0.75,1,1500,0,8001,0.06809331,0.008705625,-nan,-nan
Hybrid,call,100,95,0.02,0.75,1,1500,0,8002,0.082268698,0.019605842,-nan,-nan
Hybrid,call,100,95,0.02,0.75,1,1500,0,8004,0.11398456,0.051105817,-nan,-nan
Hybrid,call,100,95,0.02,0.75,1,1500,0,8008,0.067188769,0.01132024,-nan,-nan
Serial,put,100,50,0.02,0.75,1,100,0,0,0.000100469,9.1273e-05,4.612440531,0.01671336304
OMP,put,100,50,0.02,0.75,1,100,0,1,9.699e-05,8.7639e-05,4.612440531,0.01671336304
OMP,put,100,50,0.02,0.75,1,100,0,2,0.000166266,0.000154973,4.612440531,0.01671336304
OMP,put,100,50,0.02,0.75,1,100,0,4,0.000254375,0.000242576,4.612440531,0.01671336304
OMP,put,100,50,0.02,0.75,1,100,0,8,0.000346647,0.000337484,4.612440531,0.01671336304
MPI,put,100,50,0.02,0.75,1,100,0,1,0.011621441,0.000101936,4.612440531,0.01671336304
Hybrid,put,100,50,0.02,0.75,1,100,0,1001,0.011711768,0.000113209,4.612440531,0.01671336304
Hybrid,put,100,50,0.02,0.75,1,100,0,1002,0.011669146,0.000226447,4.612440531,0.01671336304
Hybrid,put,100,50,0.02,0.75,1,100,0,1004,0.011547606,0.000278614,0,-4.595727168
Hybrid,put,100,50,0.02,0.75,1,100,0,1008,0.011976037,0.000400997,0,-4.595727168
MPI,put,100,50,0.02,0.75,1,100,0,2,0.014000336,8.0187e-05,4.612440531,0.01671336304
Hybrid,put,100,50,0.02,0.75,1,100,0,2001,0.013900175,9.5766e-05,4.612440531,0.01671336304
Hybrid,put,100,50,0.02,0.75,1,100,0,2002,0.014009209,0.00018922,4.612440531,0.01671336304
Hybrid,put,100,50,0.02,0.75,1,100,0,2004,0.014332205,0.000227088,4.612415188,0.0166880199
Hybrid,put,100,50,0.02,0.75,1,100,0,2008,0.014133218,0.000388614,4.612415188,0.0166880199
MPI,put,100,50,0.02,0.75,1,100,0,4,0.029596138,0.000173413,4.612440531,0.01671336304
Hybrid,put,100,50,0.02,0.75,1,100,0,4001,0.02805862,9.0847e-05,4.612440531,0.01671336304
Hybrid,put,100,50,0.02,0.75,1,100,0,4002,0.030983545,0.005075996,4.612440531,0.01671336304
Hybrid,put,100,50,0.02,0.75,1,100,0,4004,0.043862555,0.016780448,4.612440531,0.01671336304
Hybrid,put,100,50,0.02,0.75,1,100,0,4008,0.02580214,0.000725799,4.612440531,0.01671336304
MPI,put,100,50,0.02,0.75,1,100,0,8,0.068644649,0.008882369,4.612440531,0.01671336304
Hybrid,put,100,50,0.02,0.75,1,100,0,8001,0.066094409,0.003835636,4.612440531,0.01671336304
Hybrid,put,100,50,0.02,0.75,1,100,0,8002,0.080235507,0.016303529,4.612440531,0.01671336304
Hybrid,put,100,50,0.02,0.75,1,100,0,8004,0.102166946,0.042854074,4.612440531,0.01671336304
Hybrid,put,100,50,0.02,0.75,1,100,0,8008,0.072624675,0.014854213,4.612440531,0.01671336304
Serial,put,100,50,0.02,0.75,1,250,0,0,0.000390534,0.000382224,4.598343875,0.002616706563
OMP,put,100,50,0.02,0.75,1,250,0,1,0.000356278,0.000346513,4.598343875,0.002616706563
OMP,put,100,50,0.02,0.75,1,250,0,2,0.000459727,0.000450266,4.598343875,0.002616706563
OMP,put,100,50,0.02,0.75,1,250,0,4,0.000717236,0.000708083,4.598343875,0.002616706563
OMP,put,100,50,0.02,0.75,1,250,0,8,0.000727373,0.000718524,4.598343875,0.002616706563
MPI,put,100,50,0.02,0.75,1,250,0,1,0.012002776,0.000410935,4.598343875,0.002616706563
Hybrid,put,100,50,0.02,0.75,1,250,0,1001,0.011724677,0.000438328,4.598343875,0.002616706563
Hybrid,put,100,50,0.02,0.75,1,250,0,1002,0.012353525,0.000745806,4.598343875,0.002616706563
Hybrid,put,100,50,0.02,0.75,1,250,0,1004,0.011968086,0.000527499,4.598343875,0.002616706563
Hybrid,put,100,50,0.02,0.75,1,250,0,1008,0.012146277,0.000677873,0,-4.595727168
MPI,put,100,50,0.02,0.75,1,250,0,2,0.013963692,0.000287591,4.598343875,0.002616706563
Hybrid,put,100,50,0.02,0.75,1,250,0,2001,0.013939068,0.000270005,4.598343875,0.002616706563
Hybrid,put,100,50,0.02,0.75,1,250,0,2002,0.014313362,0.000435077,4.598343875,0.002616706563
Hybrid,put,100,50,0.02,0.75,1,250,0,2004,0.014187222,0.000438763,4.598343875,0.002616706563
Hybrid,put,100,50,0.02,0.75,1,250,0,2008,0.014289347,0.000569417,4.598343875,0.002616706563
MPI,put,100,50,0.02,0.75,1,250,0,4,0.026963656,0.000458822,4.598343875,0.002616706563
Hybrid,put,100,50,0.02,0.75,1,250,0,4001,0.02594871,0.000396384,4.598343875,0.002616706563
Hybrid,put,100,50,0.02,0.75,1,250,0,4002,0.029388293,0.003545284,4.598343875,0.002616706563
Hybrid,put,100,50,0.02,0.75,1,250,0,4004,0.048708849,0.023027667,4.598343875,0.002616706563
Hybrid,put,100,50,0.02,0.75,1,250,0,4008,0.030529371,0.004104354,4.598343875,0.002616706563
MPI,put,100,50,0.02,0.75,1,250,0,8,0.065080462,0.006307907,4.598343875,0.002616706563
Hybrid,put,100,50,0.02,0.75,1,250,0,8001,0.063762732,0.005175349,4.598343875,0.002616706563
Hybrid,put,100,50,0.02,0.75,1,250,0,8002,0.081871376,0.018845245,4.598343875,0.002616706563
Hybrid,put,100,50,0.02,0.75,1,250,0,8004,0.110734743,0.048364391,4.598343875,0.002616706563
Hybrid,put,100,50,0.02,0.75,1,250,0,8008,0.06170113,0.001879105,4.598343875,0.002616706563
Serial,put,100,50,0.02,0.75,1,500,0,0,0.001360272,0.001351729,4.59664934,0.0009221724116
OMP,put,100,50,0.02,0.75,1,500,0,1,0.001251836,0.001242,4.59664934,0.0009221724116
OMP,put,100,50,0.02,0.75,1,500,0,2,0.001510622,0.001500785,4.59664934,0.0009221724116
OMP,put,100,50,0.02,0.75,1,500,0,4,0.00228209,0.002272429,4.59664934,0.0009221724116
OMP,put,100,50,0.02,0.75,1,500,0,8,0.001535008,0.001525655,4.59664934,0.0009221724116
MPI,put,100,50,0.02,0.75,1,500,0,1,0.013215697,0.001660225,4.59664934,0.0009221724116
Hybrid,put,100,50,0.02,0.75,1,500,0,1001,0.012679841,0.001423868,4.59664934,0.0009221724116
Hybrid,put,100,50,0.02,0.75,1,500,0,1002,0.013732019,0.002284671,4.59664934,0.0009221724116
Hybrid,put,100,50,0.02,0.75,1,500,0,1004,0.013179348,0.001846748,0,-4.595727168
Hybrid,put,100,50,0.02,0.75,1,500,0,1008,0.013899124,0.001745072,0,-4.595727168
MPI,put,100,50,0.02,0.75,1,500,0,2,0.014703779,0.001147821,4.59664934,0.0009221724116
Hybrid,put,100,50,0.02,0.75,1,500,0,2001,0.014643903,0.000876316,4.59664934,0.0009221724116
Hybrid,put,100,50,0.02,0.75,1,500,0,2002,0.01502652,0.001353386,4.59664934,0.0009221724116
Hybrid,put,100,50,0.02,0.75,1,500,0,2004,0.015001932,0.001043058,4.59664934,0.0009221724116
Hybrid,put,100,50,0.02,0.75,1,500,0,2008,0.014972939,0.001191056,4.59664934,0.0009221724116
MPI,put,100,50,0.02,0.75,1,500,0,4,0.026226701,0.000810191,4.59664934,0.0009221724116
Hybrid,put,100,50,0.02,0.75,1,500,0,4001,0.026300536,0.00076008,4.59664934,0.0009221724116
Hybrid,put,100,50,0.02,0.75,1,500,0,4002,0.030954441,0.005317014,4.59664934,0.0009221724116
Hybrid,put,100,50,0.02,0.75,1,500,0,4004,0.047585066,0.017472775,4.59664934,0.0009221724116
Hybrid,put,100,50,0.02,0.75,1,500,0,4008,0.026910986,0.001618068,4.59664934,0.0009221724116
MPI,put,100,50,0.02,0.75,1,500,0,8,0.064075729,0.004006455,4.59664934,0.0009221724116
Hybrid,put,100,50,0.02,0.75,1,500,0,8001,0.067519654,0.007489337,4.59664934,0.0009221724116
Hybrid,put,100,50,0.02,0.75,1,500,0,8002,0.078790065,0.019997586,4.59664934,0.0009221724116
Hybrid,put,100,50,0.02,0.75,1,500,0,8004,0.111818135,0.048503041,4.59664934,0.0009221724116
Hybrid,put,100,50,0.02,0.75,1,500,0,8008,0.063284709,0.00225824,4.59664934,0.0009221724116
Serial,put,100,50,0.02,0.75,1,750,0,0,0.003168438,0.003160053,4.595982324,0.0002551559719
OMP,put,100,50,0.02,0.75,1,750,0,1,0.002789811,0.002778716,4.595982324,0.0002551559719
OMP,put,100,50,0.02,0.75,1,750,0,2,0.003075452,0.003066122,4.595982324,0.0002551559719
OMP,put,100,50,0.02,0.75,1,750,0,4,0.003915013,0.003906422,4.595982324,0.0002551559719
OMP,put,100,50,0.02,0.75,1,750,0,8,0.003200826,0.003191562,4.595982324,0.0002551559719
MPI,put,100,50,0.02,0.75,1,750,0,1,0.014606822,0.003267906,4.595982324,0.0002551559719
Hybrid,put,100,50,0.02,0.75,1,750,0,1001,0.014879118,0.003182843,4.595982324,0.0002551559719
Hybrid,put,100,50,0.02,0.75,1,750,0,1002,0.015545026,0.004073167,4.595982324,0.0002551559719
Hybrid,put,100,50,0.02,0.75,1,750,0,1004,0.014813721,0.003297342,0,-4.595727168
Hybrid,put,100,50,0.02,0.75,1,750,0,1008,0.014904015,0.00340698,0,-4.595727168
MPI,put,100,50,0.02,0.75,1,750,0,2,0.01578843,0.001823629,4.595982324,0.0002551559719
Hybrid,put,100,50,0.02,0.75,1,750,0,2001,0.015569779,0.001826755,4.595982324,0.0002551559719
Hybrid,put,100,50,0.02,0.75,1,750,0,2002,0.016430332,0.002754826,4.595982324,0.0002551559719
Hybrid,put,100,50,0.02,0.75,1,750,0,2004,0.01581742,0.002056537,4.595982324,0.0002551559719
Hybrid,put,100,50,0.02,0.75,1,750,0,2008,0.015798326,0.002217575,4.595982324,0.0002551559719
MPI,put,100,50,0.02,0.75,1,750,0,4,0.027261947,0.001665195,4.595982324,0.0002551559719
Hybrid,put,100,50,0.02,0.75,1,750,0,4001,0.030068855,0.001588173,4.595982324,0.0002551559719
Hybrid,put,100,50,0.02,0.75,1,750,0,4002,0.031234619,0.005498047,4.595982324,0.0002551559719
Hybrid,put,100,50,0.02,0.75,1,750,0,4004,0.046034648,0.020022231,4.595982324,0.0002551559719
Hybrid,put,100,50,0.02,0.75,1,750,0,4008,0.028184004,0.002753523,4.595982324,0.0002551559719
MPI,put,100,50,0.02,0.75,1,750,0,8,0.070390891,0.008510116,4.595982324,0.0002551559719
Hybrid,put,100,50,0.02,0.75,1,750,0,8001,0.06307811,0.000585359,4.595982324,0.0002551559719
Hybrid,put,100,50,0.02,0.75,1,750,0,8002,0.083982211,0.02338603,4.595982324,0.0002551559719
Hybrid,put,100,50,0.02,0.75,1,750,0,8004,0.096177164,0.035476774,4.595982324,0.0002551559719
Hybrid,put,100,50,0.02,0.75,1,750,0,8008,0.077199266,0.015839032,4.595982324,0.0002551559719
Serial,put,100,50,0.02,0.75,1,1000,0,0,0.004880448,0.004868882,4.595727168,-1.250439752e-10
OMP,put,100,50,0.02,0.75,1,1000,0,1,0.004875781,0.004863821,4.595727168,-1.250439752e-10
OMP,put,100,50,0.02,0.75,1,1000,0,2,0.005178883,0.005169971,4.595727168,-1.250439752e-10
OMP,put,100,50,0.02,0.75,1,1000,0,4,0.006183808,0.006175085,4.595727168,-1.250439752e-10
OMP,put,100,50,0.02,0.75,1,1000,0,8,0.00556221,0.005550457,4.595727168,-1.250439752e-10
MPI,put,100,50,0.02,0.75,1,1000,0,1,0.016807737,0.005354104,4.595727168,-1.250448634e-10
Hybrid,put,100,50,0.02,0.75,1,1000,0,1001,0.016777912,0.005194024,4.595727168,-1.250439752e-10
Hybrid,put,100,50,0.02,0.75,1,1000,0,1002,0.017279178,0.005853094,4.595727168,-1.250439752e-10
Hybrid,put,100,50,0.02,0.75,1,1000,0,1004,0.018704247,0.005299147,0,-4.595727168
Hybrid,put,100,50,0.02,0.75,1,1000,0,1008,0.016447506,0.005361156,4.595727168,-1.250439752e-10
MPI,put,100,50,0.02,0.75,1,1000,0,2,0.017260866,0.003230921,4.595727168,-1.250448634e-10
Hybrid,put,100,50,0.02,0.75,1,1000,0,2001,0.017353365,0.003356071,4.595727168,-1.250439752e-10
Hybrid,put,100,50,0.02,0.75,1,1000,0,2002,0.018142711,0.004189239,4.595727168,-1.250439752e-10
Hybrid,put,100,50,0.02,0.75,1,1000,0,2004,0.017088984,0.003354621,4.595727168,-1.250439752e-10
Hybrid,put,100,50,0.02,0.75,1,1000,0,2008,0.017621676,0.003611454,4.595727168,-1.250439752e-10
MPI,put,100,50,0.02,0.75,1,1000,0,4,0.028504812,0.002876477,4.595727168,-1.250448634e-10
Hybrid,put,100,50,0.02,0.75,1,1000,0,4001,0.028113814,0.002757631,4.595727168,-1.250448634e-10
Hybrid,put,100,50,0.02,0.75,1,1000,0,4002,0.035114795,0.007272595,4.595727168,-1.250448634e-10
Hybrid,put,100,50,0.02,0.75,1,1000,0,4004,0.052699973,0.027872319,4.595727168,-1.250448634e-10
Hybrid,put,100,50,0.02,0.75,1,1000,0,4008,0.030944894,0.00379529,4.595727168,-1.250448634e-10
MPI,put,100,50,0.02,0.75,1,1000,0,8,0.069654493,0.008642292,4.595727168,-1.250448634e-10
Hybrid,put,100,50,0.02,0.75,1,1000,0,8001,0.06525439,0.008037987,4.595727168,-1.250448634e-10
Hybrid,put,100,50,0.02,0.75,1,1000,0,8002,0.080197187,0.020253383,4.595727168,-1.250448634e-10
Hybrid,put,100,50,0.02,0.75,1,1000,0,8004,0.112034113,0.049846045,4.595727168,-1.250448634e-10
Hybrid,put,100,50,0.02,0.75,1,1000,0,8008,0.072000912,0.012798941,4.595727168,-1.250448634e-10
Serial,put,100,50,0.02,0.75,1,1500,0,0,0.010818257,0.010807523,-nan,-nan
OMP,put,100,50,0.02,0.75,1,1500,0,1,0.010878949,0.010869212,-nan,-nan
OMP,put,100,50,0.02,0.75,1,1500,0,2,0.011110553,0.011100945,-nan,-nan
OMP,put,100,50,0.02,0.75,1,1500,0,4,0.011902823,0.011893402,-nan,-nan
OMP,put,100,50,0.02,0.75,1,1500,0,8,0.011137183,0.011127728,-nan,-nan
MPI,put,100,50,0.02,0.75,1,1500,0,1,0.022125079,0.010914064,-nan,-nan
Hybrid,put,100,50,0.02,0.75,1,1500,0,1001,0.022646329,0.01109632,-nan,-nan
Hybrid,put,100,50,0.02,0.75,1,1500,0,1002,0.023467404,0.012016946,-nan,-nan
Hybrid,put,100,50,0.02,0.75,1,1500,0,1004,0.02230805,0.011051928,-nan,-nan
Hybrid,put,100,50,0.02,0.75,1,1500,0,1008,0.022464506,0.011222484,-nan,-nan
MPI,put,100,50,0.02,0.75,1,1500,0,2,0.020815995,0.007082255,-nan,-nan
Hybrid,put,100,50,0.02,0.75,1,1500,0,2001,0.020651503,0.007134592,-nan,-nan
Hybrid,put,100,50,0.02,0.75,1,1500,0,2002,0.021680901,0.008017339,-nan,-nan
Hybrid,put,100,50,0.02,0.75,1,1500,0,2004,0.020934663,0.007296019,-nan,-nan
Hybrid,put,100,50,0.02,0.75,1,1500,0,2008,0.021325943,0.007525684,-nan,-nan
MPI,put,100,50,0.02,0.75,1,1500,0,4,0.031999008,0.006362969,-nan,-nan
Hybrid,put,100,50,0.02,0.75,1,1500,0,4001,0.030391356,0.005729496,-nan,-nan
Hybrid,put,100,50,0.02,0.75,1,1500,0,4002,0.036765266,0.01072977,-nan,-nan
Hybrid,put,100,50,0.02,0.75,1,1500,0,4004,0.045494962,0.020504588,-nan,-nan
Hybrid,put,100,50,0.02,0.75,1,1500,0,4008,0.035798871,0.009174104,-nan,-nan
MPI,put,100,50,0.02,0.75,1,1500,0,8,0.073275786,0.011624786,-nan,-nan
Hybrid,put,100,50,0.02,0.75,1,1500,0,8001,0.069371652,0.009780039,-nan,-nan
Hybrid,put,100,50,0.02,0.75,1,1500,0,8002,0.084698861,0.023629023,-nan,-nan
Hybrid,put,100,50,0.02,0.75,1,1500,0,8004,0.105839911,0.04158364,-nan,-nan
Hybrid,put,100,50,0.02,0.75,1,1500,0,8008,0.079776062,0.018455903,-nan,-nan
Serial,put,100,75,0.02,0.75,1,100,0,0,0.000103442,9.3615e-05,14.08250728,-0.02264558936
OMP,put,100,75,0.02,0.75,1,100,0,1,0.000104349,9.4693e-05,14.08250728,-0.02264558936
OMP,put,100,75,0.02,0.75,1,100,0,2,0.000275799,0.000251432,14.08250728,-0.02264558936
OMP,put,100,75,0.02,0.75,1,100,0,4,0.000265094,0.000255733,14.08250728,-0.02264558936
OMP,put,100,75,0.02,0.75,1,100,0,8,0.000377888,0.000369482,14.08250728,-0.02264558936
MPI,put,100,75,0.02,0.75,1,100,0,1,0.026757276,0.000130445,14.08250728,-0.02264558936
Hybrid,put,100,75,0.02,0.75,1,100,0,1001,0.01161939,0.000114034,14.08250728,-0.02264558936
Hybrid,put,100,75,0.02,0.75,1,100,0,1002,0.011817872,0.000299138,14.08250728,-0.02264558936
Hybrid,put,100,75,0.02,0.75,1,100,0,1004,0.011571416,0.000229713,0,-14.10515287
Hybrid,put,100,75,0.02,0.75,1,100,0,1008,0.012137526,0.000534978,0,-14.10515287
MPI,put,100,75,0.02,0.75,1,100,0,2,0.025970878,0.000133156,14.08250728,-0.02264558936
Hybrid,put,100,75,0.02,0.75,1,100,0,2001,0.015173277,8.1271e-05,14.08250728,-0.02264558936
Hybrid,put,100,75,0.02,0.75,1,100,0,2002,0.014587164,0.000188305,14.08250728,-0.02264558936
Hybrid,put,100,75,0.02,0.75,1,100,0,2004,0.013972075,0.000232046,14.08246877,-0.02268410459
Hybrid,put,100,75,0.02,0.75,1,100,0,2008,0.014351757,0.000370275,14.08246877,-0.02268410459
MPI,put,100,75,0.02,0.75,1,100,0,4,0.026614507,0.000108295,14.08250728,-0.02264558936
Hybrid,put,100,75,0.02,0.75,1,100,0,4001,0.026790046,0.000304798,14.08250728,-0.02264558936
Hybrid,put,100,75,0.02,0.75,1,100,0,4002,0.033778972,0.008069007,14.08250728,-0.02264558936
Hybrid,put,100,75,0.02,0.75,1,100,0,4004,0.049386925,0.023377513,14.08250728,-0.02264558936
Hybrid,put,100,75,0.02,0.75,1,100,0,4008,0.030812577,0.005311945,14.08250728,-0.02264558936
MPI,put,100,75,0.02,0.75,1,100,0,8,0.063116298,0.005052601,14.08250728,-0.02264558936
Hybrid,put,100,75,0.02,0.75,1,100,0,8001,0.065831374,0.003970723,14.08250728,-0.02264558936
Hybrid,put,100,75,0.02,0.75,1,100,0,8002,0.07713276,0.016715394,14.08250728,-0.02264558936
Hybrid,put,100,75,0.02,0.75,1,100,0,8004,0.104066468,0.0469225,14.08250728,-0.02264558936
Hybrid,put,100,75,0.02,0.75,1,100,0,8008,0.078866181,0.0187876,14.08250728,-0.02264558936
Serial,put,100,75,0.02,0.75,1,250,0,0,0.000370103,0.00036048,14.08997304,-0.01517983327
OMP,put,100,75,0.02,0.75,1,250,0,1,0.0003541,0.000344829,14.08997304,-0.01517983327
OMP,put,100,75,0.02,0.75,1,250,0,2,0.000456492,0.000447686,14.08997304,-0.01517983327
OMP,put,100,75,0.02,0.75,1,250,0,4,0.000729559,0.000720747,14.08997304,-0.01517983327
OMP,put,100,75,0.02,0.75,1,250,0,8,0.000671332,0.00065675,14.08997304,-0.01517983327
MPI,put,100,75,0.02,0.75,1,250,0,1,0.011913187,0.000385678,14.08997304,-0.01517983327
Hybrid,put,100,75,0.02,0.75,1,250,0,1001,0.011866743,0.000495789,14.08997304,-0.01517983327
Hybrid,put,100,75,0.02,0.75,1,250,0,1002,0.012900437,0.0007218,14.08997304,-0.01517983327
Hybrid,put,100,75,0.02,0.75,1,250,0,1004,0.013180144,0.00058892,0,-14.10515287
Hybrid,put,100,75,0.02,0.75,1,250,0,1008,0.012573248,0.000789224,14.08997304,-0.01517983327
MPI,put,100,75,0.02,0.75,1,250,0,2,0.01406634,0.000294924,14.08997304,-0.01517983327
Hybrid,put,100,75,0.02,0.75,1,250,0,2001,0.014623994,0.000288252,14.08997304,-0.01517983327
Hybrid,put,100,75,0.02,0.75,1,250,0,2002,0.014199795,0.000409871,14.08997304,-0.01517983327
Hybrid,put,100,75,0.02,0.75,1,250,0,2004,0.014080084,0.000411743,14.08997304,-0.01517983327
Hybrid,put,100,75,0.02,0.75,1,250,0,2008,0.014421147,0.000572609,14.08997304,-0.01517983327
MPI,put,100,75,0.02,0.75,1,250,0,4,0.027687767,0.00026901,14.08997304,-0.01517983327
Hybrid,put,100,75,0.02,0.75,1,250,0,4001,0.02560226,0.00049057,14.08997304,-0.01517983327
Hybrid,put,100,75,0.02,0.75,1,250,0,4002,0.032021895,0.005414732,14.08997304,-0.01517983327
Hybrid,put,100,75,0.02,0.75,1,250,0,4004,0.038980142,0.013631988,14.08997304,-0.01517983327
Hybrid,put,100,75,0.02,0.75,1,250,0,4008,0.030471183,0.004998537,14.08997304,-0.01517983327
MPI,put,100,75,0.02,0.75,1,250,0,8,0.06881637,0.00966298,14.08997304,-0.01517983327
Hybrid,put,100,75,0.02,0.75,1,250,0,8001,0.061934042,0.001982111,14.08997304,-0.01517983327
Hybrid,put,100,75,0.02,0.75,1,250,0,8002,0.078588724,0.017589684,14.08997304,-0.01517983327
Hybrid,put,100,75,0.02,0.75,1,250,0,8004,0.106947442,0.049890478,14.08997304,-0.01517983327
Hybrid,put,100,75,0.02,0.75,1,250,0,8008,0.061928975,0.001700043,14.08997304,-0.01517983327
Serial,put,100,75,0.02,0.75,1,500,0,0,0.001311408,0.001302991,14.11447433,0.009321459181
OMP,put,100,75,0.02,0.75,1,500,0,1,0.001302918,0.00129321,14.11447433,0.009321459181
OMP,put,100,75,0.02,0.75,1,500,0,2,0.001497716,0.001488044,14.11447433,0.009321459181
OMP,put,100,75,0.02,0.75,1,500,0,4,0.002271565,0.002259397,14.11447433,0.009321459181
OMP,put,100,75,0.02,0.75,1,500,0,8,0.001607247,0.001598229,14.11447433,0.009321459181
MPI,put,100,75,0.02,0.75,1,500,0,1,0.013199856,0.001530831,14.11447433,0.009321459181
Hybrid,put,100,75,0.02,0.75,1,500,0,1001,0.013392023,0.001701619,14.11447433,0.009321459181
Hybrid,put,100,75,0.02,0.75,1,500,0,1002,0.01411278,0.002333345,14.11447433,0.009321459181
Hybrid,put,100,75,0.02,0.75,1,500,0,1004,0.013416102,0.001854478,0,-14.10515287
Hybrid,put,100,75,0.02,0.75,1,500,0,1008,0.013421383,0.001984308,0,-14.10515287
MPI,put,100,75,0.02,0.75,1,500,0,2,0.01497911,0.000865721,14.11447433,0.009321459181
Hybrid,put,100,75,0.02,0.75,1,500,0,2001,0.014908144,0.000841076,14.11447433,0.009321459181
Hybrid,put,100,75,0.02,0.75,1,500,0,2002,0.014902735,0.001319017,14.11447433,0.009321459181
Hybrid,put,100,75,0.02,0.75,1,500,0,2004,0.01511113,0.001052359,14.11447433,0.009321459181
Hybrid,put,100,75,0.02,0.75,1,500,0,2008,0.015098953,0.001221336,14.11447433,0.009321459181
MPI,put,100,75,0.02,0.75,1,500,0,4,0.026874729,0.001389922,14.11447433,0.009321459181
Hybrid,put,100,75,0.02,0.75,1,500,0,4001,0.027393074,0.000801484,14.11447433,0.009321459181
Hybrid,put,100,75,0.02,0.75,1,500,0,4002,0.033488244,0.008404538,14.11447433,0.009321459181
Hybrid,put,100,75,0.02,0.75,1,500,0,4004,0.049550985,0.023923276,14.11447433,0.009321459181
Hybrid,put,100,75,0.02,0.75,1,500,0,4008,0.026744845,0.00156651,14.11447433,0.009321459181
MPI,put,100,75,0.02,0.75,1,500,0,8,0.060955949,0.003706373,14.11447433,0.009321459181
Hybrid,put,100,75,0.02,0.75,1,500,0,8001,0.067217735,0.007523178,14.11447433,0.009321459181
Hybrid,put,100,75,0.02,0.75,1,500,0,8002,0.078387835,0.019242792,14.11447433,0.009321459181
Hybrid,put,100,75,0.02,0.75,1,500,0,8004,0.108502718,0.051980526,14.11447433,0.009321459181
Hybrid,put,100,75,0.02,0.75,1,500,0,8008,0.063517231,0.006099966,14.11447433,0.009321459181
Serial,put,100,75,0.02,0.75,1,750,0,0,0.002787627,0.002779141,14.11151443,0.006361563987
OMP,put,100,75,0.02,0.75,1,750,0,1,0.00277985,0.002770219,14.11151443,0.006361563987
OMP,put,100,75,0.02,0.75,1,750,0,2,0.003131092,0.003121499,14.11151443,0.006361563987
OMP,put,100,75,0.02,0.75,1,750,0,4,0.003944325,0.00393535,14.11151443,0.006361563987
OMP,put,100,75,0.02,0.75,1,750,0,8,0.003096861,0.003087984,14.11151443,0.006361563987
MPI,put,100,75,0.02,0.75,1,750,0,1,0.014888804,0.003267783,14.11151443,0.006361563987
Hybrid,put,100,75,0.02,0.75,1,750,0,1001,0.01459675,0.003110763,14.11151443,0.006361563987
Hybrid,put,100,75,0.02,0.75,1,750,0,1002,0.016091275,0.004513263,14.11151443,0.006361563987
Hybrid,put,100,75,0.02,0.75,1,750,0,1004,0.014731861,0.003295885,14.11151443,0.006361563987
Hybrid,put,100,75,0.02,0.75,1,750,0,1008,0.015391307,0.003849163,0,-14.10515287
MPI,put,100,75,0.02,0.75,1,750,0,2,0.01590335,0.001837893,14.11151443,0.006361563987
Hybrid,put,100,75,0.02,0.75,1,750,0,2001,0.015614135,0.001842681,14.11151443,0.006361563987
Hybrid,put,100,75,0.02,0.75,1,750,0,2002,0.016284685,0.002742975,14.11151443,0.006361563987
Hybrid,put,100,75,0.02,0.75,1,750,0,2004,0.01601156,0.002059242,14.11151443,0.006361563987
Hybrid,put,100,75,0.02,0.75,1,750,0,2008,0.016341197,0.002206213,14.11151443,0.006361563987
MPI,put,100,75,0.02,0.75,1,750,0,4,0.02711647,0.001626591,14.11151443,0.006361563987
Hybrid,put,100,75,0.02,0.75,1,750,0,4001,0.029533836,0.00172836,14.11151443,0.006361563987
Hybrid,put,100,75,0.02,0.75,1,750,0,4002,0.031671603,0.006420647,14.11151443,0.006361563987
Hybrid,put,100,75,0.02,0.75,1,750,0,4004,0.04363616,0.017614533,14.11151443,0.006361563987
Hybrid,put,100,75,0.02,0.75,1,750,0,4008,0.027721632,0.001912222,14.11151443,0.006361563987
MPI,put,100,75,0.02,0.75,1,750,0,8,0.065948839,0.003743435,14.11151443,0.006361563987
Hybrid,put,100,75,0.02,0.75,1,750,0,8001,0.071970787,0.011503712,14.11151443,0.006361563987
Hybrid,put,100,75,0.02,0.75,1,750,0,8002,0.078677641,0.017648094,14.11151443,0.006361563987
Hybrid,put,100,75,0.02,0.75,1,750,0,8004,0.096810753,0.038384336,14.11151443,0.006361563987
Hybrid,put,100,75,0.02,0.75,1,750,0,8008,0.065182458,0.002848452,14.11151443,0.006361563987
Serial,put,100,75,0.02,0.75,1,1000,0,0,0.004866909,0.004855369,14.10515287,-9.420695335e-10
OMP,put,100,75,0.02,0.75,1,1000,0,1,0.00481953,0.004809886,14.10515287,-9.420695335e-10
OMP,put,100,75,0.02,0.75,1,1000,0,2,0.005148128,0.005138346,14.10515287,-9.420695335e-10
OMP,put,100,75,0.02,0.75,1,1000,0,4,0.007490774,0.007481003,14.10515287,-9.420695335e-10
OMP,put,100,75,0.02,0.75,1,1000,0,8,0.00527666,0.005266859,14.10515287,-9.420695335e-10
MPI,put,100,75,0.02,0.75,1,1000,0,1,0.01665427,0.005305186,14.10515287,-9.420713099e-10
Hybrid,put,100,75,0.02,0.75,1,1000,0,1001,0.016956482,0.005273492,14.10515287,-9.420695335e-10
Hybrid,put,100,75,0.02,0.75,1,1000,0,1002,0.017731853,0.006171409,14.10515287,-9.420695335e-10
Hybrid,put,100,75,0.02,0.75,1,1000,0,1004,0.016973387,0.005303093,0,-14.10515287
Hybrid,put,100,75,0.02,0.75,1,1000,0,1008,0.016948404,0.005517503,14.10515287,-9.420695335e-10
MPI,put,100,75,0.02,0.75,1,1000,0,2,0.016728235,0.003195123,14.10515287,-9.420713099e-10
Hybrid,put,100,75,0.02,0.75,1,1000,0,2001,0.017214135,0.003224334,14.10515287,-9.420695335e-10
Hybrid,put,100,75,0.02,0.75,1,1000,0,2002,0.017929925,0.004277671,14.10515287,-9.420695335e-10
Hybrid,put,100,75,0.02,0.75,1,1000,0,2004,0.016942073,0.003367985,14.10515287,-9.420695335e-10
Hybrid,put,100,75,0.02,0.75,1,1000,0,2008,0.017319867,0.003609029,14.10515287,-9.420695335e-10
MPI,put,100,75,0.02,0.75,1,1000,0,4,0.027937328,0.002592763,14.10515287,-9.420695335e-10
Hybrid,put,100,75,0.02,0.75,1,1000,0,4001,0.030395199,0.002992745,14.10515287,-9.420713099e-10
Hybrid,put,100,75,0.02,0.75,1,1000,0,4002,0.03343123,0.008432599,14.10515287,-9.420713099e-10
Hybrid,put,100,75,0.02,0.75,1,1000,0,4004,0.048265047,0.023370114,14.10515287,-9.420713099e-10
Hybrid,put,100,75,0.02,0.75,1,1000,0,4008,0.028952665,0.003198266,14.10515287,-9.420713099e-10
MPI,put,100,75,0.02,0.75,1,1000,0,8,0.066349429,0.00773369,14.10515287,-9.420713099e-10
Hybrid,put,100,75,0.02,0.75,1,1000,0,8001,0.064734723,0.005231003,14.10515287,-9.420695335e-10
Hybrid,put,100,75,0.02,0.75,1,1000,0,8002,0.083946366,0.025595063,14.10515287,-9.420695335e-10
Hybrid,put,100,75,0.02,0.75,1,1000,0,8004,0.111940333,0.049303773,14.10515287,-9.420695335e-10
Hybrid,put,100,75,0.02,0.75,1,1000,0,8008,0.062155085,0.004049159,14.10515287,-9.420695335e-10
Serial,put,100,75,0.02,0.75,1,1500,0,0,0.01092031,0.010911526,-nan,-nan
OMP,put,100,75,0.02,0.75,1,1500,0,1,0.010841036,0.010828411,-nan,-nan
OMP,put,100,75,0.02,0.75,1,1500,0,2,0.011113199,0.011103797,-nan,-nan
OMP,put,100,75,0.02,0.75,1,1500,0,4,0.011940347,0.011931707,-nan,-nan
OMP,put,100,75,0.02,0.75,1,1500,0,8,0.011132545,0.011123945,-nan,-nan
MPI,put,100,75,0.02,0.75,1,1500,0,1,0.022560539,0.011160928,-nan,-nan
Hybrid,put,100,75,0.02,0.75,1,1500,0,1001,0.023232678,0.011529949,-nan,-nan
Hybrid,put,100,75,0.02,0.75,1,1500,0,1002,0.023647515,0.012019797,-nan,-nan
Hybrid,put,100,75,0.02,0.75,1,1500,0,1004,0.022909519,0.011463635,-nan,-nan
Hybrid,put,100,75,0.02,0.75,1,1500,0,1008,0.023203911,0.011661138,-nan,-nan
MPI,put,100,75,0.02,0.75,1,1500,0,2,0.020708049,0.007078666,-nan,-nan
Hybrid,put,100,75,0.02,0.75,1,1500,0,2001,0.020786631,0.007083555,-nan,-nan
Hybrid,put,100,75,0.02,0.75,1,1500,0,2002,0.02175823,0.00799418,-nan,-nan
Hybrid,put,100,75,0.02,0.75,1,1500,0,2004,0.021164771,0.007312107,-nan,-nan
Hybrid,put,100,75,0.02,0.75,1,1500,0,2008,0.021406592,0.007611157,-nan,-nan
MPI,put,100,75,0.02,0.75,1,1500,0,4,0.03540208,0.010393425,-nan,-nan
Hybrid,put,100,75,0.02,0.75,1,1500,0,4001,0.031075422,0.005633459,-nan,-nan
Hybrid,put,100,75,0.02,0.75,1,1500,0,4002,0.038243038,0.012684121,-nan,-nan
Hybrid,put,100,75,0.02,0.75,1,1500,0,4004,0.050558187,0.02551465,-nan,-nan
Hybrid,put,100,75,0.02,0.75,1,1500,0,4008,0.034350271,0.00823435,-nan,-nan
MPI,put,100,75,0.02,0.75,1,1500,0,8,0.068761496,0.008166044,-nan,-nan
Hybrid,put,100,75,0.02,0.75,1,1500,0,8001,0.070617777,0.010148432,-nan,-nan
Hybrid,put,100,75,0.02,0.75,1,1500,0,8002,0.083486327,0.025714045,-nan,-nan
Hybrid,put,100,75,0.02,0.75,1,1500,0,8004,0.107291766,0.046611703,-nan,-nan
Hybrid,put,100,75,0.02,0.75,1,1500,0,8008,0.07558448,0.012517435,-nan,-nan
Serial,put,100,95,0.02,0.75,1,100,0,0,9.7414e-05,8.5955e-05,24.95927867,0.0532100006
OMP,put,100,95,0.02,0.75,1,100,0,1,9.7302e-05,8.7367e-05,24.95927867,0.0532100006
OMP,put,100,95,0.02,0.75,1,100,0,2,0.000180959,0.000169086,24.95927867,0.0532100006
OMP,put,100,95,0.02,0.75,1,100,0,4,0.000260654,0.000251749,24.95927867,0.0532100006
OMP,put,100,95,0.02,0.75,1,100,0,8,0.000406608,0.000394945,24.95927867,0.0532100006
MPI,put,100,95,0.02,0.75,1,100,0,1,0.012039744,0.00011083,24.95927867,0.0532100006
Hybrid,put,100,95,0.02,0.75,1,100,0,1001,0.011633996,9.3865e-05,24.95927867,0.0532100006
Hybrid,put,100,95,0.02,0.75,1,100,0,1002,0.011903369,0.000226364,24.95927867,0.0532100006
Hybrid,put,100,95,0.02,0.75,1,100,0,1004,0.011631069,0.000324372,0,-24.90606867
Hybrid,put,100,95,0.02,0.75,1,100,0,1008,0.012159517,0.000381002,0,-24.90606867
MPI,put,100,95,0.02,0.75,1,100,0,2,0.014013693,9.7988e-05,24.95927867,0.0532100006
Hybrid,put,100,95,0.02,0.75,1,100,0,2001,0.01432965,8.2119e-05,24.95927867,0.0532100006
Hybrid,put,100,95,0.02,0.75,1,100,0,2002,0.013889058,0.00018279,24.95927867,0.0532100006
Hybrid,put,100,95,0.02,0.75,1,100,0,2004,0.014416318,0.000237104,24.95922962,0.05316094769
Hybrid,put,100,95,0.02,0.75,1,100,0,2008,0.014589819,0.000547798,24.95922962,0.05316094769
MPI,put,100,95,0.02,0.75,1,100,0,4,0.028750105,6.4565e-05,24.95927867,0.0532100006
Hybrid,put,100,95,0.02,0.75,1,100,0,4001,0.025516871,0.00012005,24.95927867,0.0532100006
Hybrid,put,100,95,0.02,0.75,1,100,0,4002,0.028224019,0.002935071,24.95927867,0.0532100006
Hybrid,put,100,95,0.02,0.75,1,100,0,4004,0.042614609,0.017380149,24.95927867,0.0532100006
Hybrid,put,100,95,0.02,0.75,1,100,0,4008,0.026103729,0.000715851,24.95927867,0.0532100006
MPI,put,100,95,0.02,0.75,1,100,0,8,0.070394258,0.0092704,24.95927867,0.0532100006
Hybrid,put,100,95,0.02,0.75,1,100,0,8001,0.064892757,0.003584806,24.95927867,0.0532100006
Hybrid,put,100,95,0.02,0.75,1,100,0,8002,0.07651171,0.013095639,24.95927867,0.0532100006
Hybrid,put,100,95,0.02,0.75,1,100,0,8004,0.104118078,0.0435462,24.95927867,0.0532100006
Hybrid,put,100,95,0.02,0.75,1,100,0,8008,0.0723971,0.014317972,24.95927867,0.0532100006
Serial,put,100,95,0.02,0.75,1,250,0,0,0.000355286,0.000344323,24.93427057,0.02820190241
OMP,put,100,95,0.02,0.75,1,250,0,1,0.000399476,0.000390117,24.93427057,0.02820190241
OMP,put,100,95,0.02,0.75,1,250,0,2,0.000465975,0.000456864,24.93427057,0.02820190241
OMP,put,100,95,0.02,0.75,1,250,0,4,0.000698976,0.000690377,24.93427057,0.02820190241
OMP,put,100,95,0.02,0.75,1,250,0,8,0.000663497,0.000654914,24.93427057,0.02820190241
MPI,put,100,95,0.02,0.75,1,250,0,1,0.012075559,0.000453507,24.93427057,0.02820190241
Hybrid,put,100,95,0.02,0.75,1,250,0,1001,0.011800452,0.000384453,24.93427057,0.02820190241
Hybrid,put,100,95,0.02,0.75,1,250,0,1002,0.012127299,0.000647168,24.93427057,0.02820190241
Hybrid,put,100,95,0.02,0.75,1,250,0,1004,0.011845144,0.000488156,0,-24.90606867
Hybrid,put,100,95,0.02,0.75,1,250,0,1008,0.012418988,0.000704294,0,-24.90606867
MPI,put,100,95,0.02,0.75,1,250,0,2,0.014042255,0.000246394,24.93427057,0.02820190241
Hybrid,put,100,95,0.02,0.75,1,250,0,2001,0.013912915,0.000291376,24.93427057,0.02820190241
Hybrid,put,100,95,0.02,0.75,1,250,0,2002,0.014400919,0.000448937,24.93427057,0.02820190241
Hybrid,put,100,95,0.02,0.75,1,250,0,2004,0.014293507,0.000435711,24.93427057,0.02820190241
Hybrid,put,100,95,0.02,0.75,1,250,0,2008,0.014915419,0.000580961,24.93427057,0.02820190241
MPI,put,100,95,0.02,0.75,1,250,0,4,0.028572297,0.000359304,24.93427057,0.02820190241
Hybrid,put,100,95,0.02,0.75,1,250,0,4001,0.0264287,0.0001968,24.93427057,0.02820190241
Hybrid,put,100,95,0.02,0.75,1,250,0,4002,0.035719543,0.007485144,24.93427057,0.02820190241
Hybrid,put,100,95,0.02,0.75,1,250,0,4004,0.047834317,0.018832182,24.93427057,0.02820190241
Hybrid,put,100,95,0.02,0.75,1,250,0,4008,0.027116929,0.001055219,24.93427057,0.02820190241
MPI,put,100,95,0.02,0.75,1,250,0,8,0.068231632,0.007762511,24.93427057,0.02820190241
Hybrid,put,100,95,0.02,0.75,1,250,0,8001,0.067823068,0.007256278,24.93427057,0.02820190241
Hybrid,put,100,95,0.02,0.75,1,250,0,8002,0.07837603,0.019973104,24.93427057,0.02820190241
Hybrid,put,100,95,0.02,0.75,1,250,0,8004,0.106890997,0.047431271,24.93427057,0.02820190241
Hybrid,put,100,95,0.02,0.75,1,250,0,8008,0.073070917,0.010408446,24.93427057,0.02820190241
Serial,put,100,95,0.02,0.75,1,500,0,0,0.001289596,0.00127858,24.91436743,0.008298764553
OMP,put,100,95,0.02,0.75,1,500,0,1,0.0012817,0.001272233,24.91436743,0.008298764553
OMP,put,100,95,0.02,0.75,1,500,0,2,0.001513339,0.001502361,24.91436743,0.008298764553
OMP,put,100,95,0.02,0.75,1,500,0,4,0.002283805,0.002275477,24.91436743,0.008298764553
OMP,put,100,95,0.02,0.75,1,500,0,8,0.001673956,0.001662957,24.91436743,0.008298764553
MPI,put,100,95,0.02,0.75,1,500,0,1,0.012978144,0.001551671,24.91436743,0.008298764553
Hybrid,put,100,95,0.02,0.75,1,500,0,1001,0.013086665,0.0015835,24.91436743,0.008298764553
Hybrid,put,100,95,0.02,0.75,1,500,0,1002,0.014038325,0.002433447,24.91436743,0.008298764553
Hybrid,put,100,95,0.02,0.75,1,500,0,1004,0.012832324,0.001621322,0,-24.90606867
Hybrid,put,100,95,0.02,0.75,1,500,0,1008,0.013487913,0.002014187,0,-24.90606867
MPI,put,100,95,0.02,0.75,1,500,0,2,0.014758396,0.000856559,24.91436743,0.008298764553
Hybrid,put,100,95,0.02,0.75,1,500,0,2001,0.014927589,0.000869177,24.91436743,0.008298764553
Hybrid,put,100,95,0.02,0.75,1,500,0,2002,0.014715063,0.001356077,24.91436743,0.008298764553
Hybrid,put,100,95,0.02,0.75,1,500,0,2004,0.01521929,0.001032466,24.91436743,0.008298764553
Hybrid,put,100,95,0.02,0.75,1,500,0,2008,0.014894782,0.001147898,24.91436743,0.008298764553
MPI,put,100,95,0.02,0.75,1,500,0,4,0.02658725,0.000797103,24.91436743,0.008298764553
Hybrid,put,100,95,0.02,0.75,1,500,0,4001,0.026497072,0.000907464,24.91436743,0.008298764553
Hybrid,put,100,95,0.02,0.75,1,500,0,4002,0.029001584,0.0037158,24.91436743,0.008298764553
Hybrid,put,100,95,0.02,0.75,1,500,0,4004,0.045461698,0.019096277,24.91436743,0.008298764553
Hybrid,put,100,95,0.02,0.75,1,500,0,4008,0.027614702,0.001919921,24.91436743,0.008298764553
MPI,put,100,95,0.02,0.75,1,500,0,8,0.064560598,0.000887137,24.91436743,0.008298764553
Hybrid,put,100,95,0.02,0.75,1,500,0,8001,0.061365529,0.00164191,24.91436743,0.008298764553
Hybrid,put,100,95,0.02,0.75,1,500,0,8002,0.074907578,0.014880659,24.91436743,0.008298764553
Hybrid,put,100,95,0.02,0.75,1,500,0,8004,0.097006305,0.036004149,24.91436743,0.008298764553
Hybrid,put,100,95,0.02,0.75,1,500,0,8008,0.071659201,0.011679014,24.91436743,0.008298764553
Serial,put,100,95,0.02,0.75,1,750,0,0,0.002823467,0.002815079,24.90398962,-0.002079053282
OMP,put,100,95,0.02,0.75,1,750,0,1,0.002731982,0.002722566,24.90398962,-0.002079053282
OMP,put,100,95,0.02,0.75,1,750,0,2,0.003095652,0.003086199,24.90398962,-0.002079053282
OMP,put,100,95,0.02,0.75,1,750,0,4,0.004544219,0.004534591,24.90398962,-0.002079053282
OMP,put,100,95,0.02,0.75,1,750,0,8,0.00337074,0.003358627,24.90398962,-0.002079053282
MPI,put,100,95,0.02,0.75,1,750,0,1,0.01455086,0.003129549,24.90398962,-0.002079053282
Hybrid,put,100,95,0.02,0.75,1,750,0,1001,0.014216839,0.00293074,24.90398962,-0.002079053282
Hybrid,put,100,95,0.02,0.75,1,750,0,1002,0.016028724,0.003809869,24.90398962,-0.002079053282
Hybrid,put,100,95,0.02,0.75,1,750,0,1004,0.014271137,0.003022333,0,-24.90606867
Hybrid,put,100,95,0.02,0.75,1,750,0,1008,0.015456486,0.003211645,0,-24.90606867
MPI,put,100,95,0.02,0.75,1,750,0,2,0.015642809,0.001855683,24.90398962,-0.002079053282
Hybrid,put,100,95,0.02,0.75,1,750,0,2001,0.016055438,0.001832465,24.90398962,-0.002079053282
Hybrid,put,100,95,0.02,0.75,1,750,0,2002,0.016149415,0.002764887,24.90398962,-0.002079053282
Hybrid,put,100,95,0.02,0.75,1,750,0,2004,0.015782132,0.001998174,24.90398962,-0.002079053282
Hybrid,put,100,95,0.02,0.75,1,750,0,2008,0.016127509,0.002175211,24.90398962,-0.002079053282
MPI,put,100,95,0.02,0.75,1,750,0,4,0.028585211,0.002386816,24.90398962,-0.002079053282
Hybrid,put,100,95,0.02,0.75,1,750,0,4001,0.026546509,0.001551253,24.90398962,-0.002079053282
Hybrid,put,100,95,0.02,0.75,1,750,0,4002,0.035015502,0.009338633,24.90398962,-0.002079053282
Hybrid,put,100,95,0.02,0.75,1,750,0,4004,0.046975454,0.021371357,24.90398962,-0.002079053282
Hybrid,put,100,95,0.02,0.75,1,750,0,4008,0.027507172,0.00205428,24.90398962,-0.002079053282
MPI,put,100,95,0.02,0.75,1,750,0,8,0.068969616,0.007900819,24.90398962,-0.002079053282
Hybrid,put,100,95,0.02,0.75,1,750,0,8001,0.063614138,0.001960779,24.90398962,-0.002079053282
Hybrid,put,100,95,0.02,0.75,1,750,0,8002,0.07766378,0.018791405,24.90398962,-0.002079053282
Hybrid,put,100,95,0.02,0.75,1,750,0,8004,0.11133389,0.052780425,24.90398962,-0.002079053282
Hybrid,put,100,95,0.02,0.75,1,750,0,8008,0.064121127,0.004062515,24.90398962,-0.002079053282
Serial,put,100,95,0.02,0.75,1,1000,0,0,0.004884976,0.004876452,24.90606867,9.007656843e-10
OMP,put,100,95,0.02,0.75,1,1000,0,1,0.004863458,0.004854227,24.90606867,9.007656843e-10
OMP,put,100,95,0.02,0.75,1,1000,0,2,0.005166188,0.005156847,24.90606867,9.007656843e-10
OMP,put,100,95,0.02,0.75,1,1000,0,4,0.006051575,0.006042491,24.90606867,9.007656843e-10
OMP,put,100,95,0.02,0.75,1,1000,0,8,0.005191888,0.005183005,24.90606867,9.007656843e-10
MPI,put,100,95,0.02,0.75,1,1000,0,1,0.016692464,0.00526646,24.90606867,9.007656843e-10
Hybrid,put,100,95,0.02,0.75,1,1000,0,1001,0.018471625,0.005375751,24.90606867,9.007656843e-10
Hybrid,put,100,95,0.02,0.75,1,1000,0,1002,0.017364605,0.005989627,24.90606867,9.007656843e-10
Hybrid,put,100,95,0.02,0.75,1,1000,0,1004,0.017198382,0.005519099,0,-24.90606867
Hybrid,put,100,95,0.02,0.75,1,1000,0,1008,0.016734819,0.00529961,0,-24.90606867
MPI,put,100,95,0.02,0.75,1,1000,0,2,0.017122467,0.003204871,24.90606867,9.007656843e-10
Hybrid,put,100,95,0.02,0.75,1,1000,0,2001,0.016814119,0.003234875,24.90606867,9.007656843e-10
Hybrid,put,100,95,0.02,0.75,1,1000,0,2002,0.018039689,0.004113236,24.90606867,9.007656843e-10
Hybrid,put,100,95,0.02,0.75,1,1000,0,2004,0.017694854,0.003449252,24.90606867,9.007656843e-10
Hybrid,put,100,95,0.02,0.75,1,1000,0,2008,0.017389148,0.00362229,24.90606867,9.007656843e-10
MPI,put,100,95,0.02,0.75,1,1000,0,4,0.02951748,0.002915075,24.90606867,9.007656843e-10
Hybrid,put,100,95,0.02,0.75,1,1000,0,4001,0.02943634,0.003695299,24.90606867,9.007656843e-10
Hybrid,put,100,95,0.02,0.75,1,1000,0,4002,0.034510612,0.00648905,24.90606867,9.007656843e-10
Hybrid,put,100,95,0.02,0.75,1,1000,0,4004,0.043955478,0.018602956,24.90606867,9.007656843e-10
Hybrid,put,100,95,0.02,0.75,1,1000,0,4008,0.033801377,0.003150318,24.90606867,9.007656843e-10
MPI,put,100,95,0.02,0.75,1,1000,0,8,0.063990696,0.005391173,24.90606867,9.00769237e-10
Hybrid,put,100,95,0.02,0.75,1,1000,0,8001,0.075788932,0.01074362,24.90606867,9.007656843e-10
Hybrid,put,100,95,0.02,0.75,1,1000,0,8002,0.082569714,0.022143447,24.90606867,9.007656843e-10
Hybrid,put,100,95,0.02,0.75,1,1000,0,8004,0.1094472,0.043482104,24.90606867,9.007656843e-10
Hybrid,put,100,95,0.02,0.75,1,1000,0,8008,0.063628321,0.004289198,24.90606867,9.007656843e-10
Serial,put,100,95,0.02,0.75,1,1500,0,0,0.010966516,0.010957846,-nan,-nan
OMP,put,100,95,0.02,0.75,1,1500,0,1,0.010839551,0.010827288,-nan,-nan
OMP,put,100,95,0.02,0.75,1,1500,0,2,0.011105443,0.011096052,-nan,-nan
OMP,put,100,95,0.02,0.75,1,1500,0,4,0.01189059,0.011881759,-nan,-nan
OMP,put,100,95,0.02,0.75,1,1500,0,8,0.01136159,0.011350137,-nan,-nan
MPI,put,100,95,0.02,0.75,1,1500,0,1,0.022791572,0.011120601,-nan,-nan
Hybrid,put,100,95,0.02,0.75,1,1500,0,1001,0.022690463,0.011074711,-nan,-nan
Hybrid,put,100,95,0.02,0.75,1,1500,0,1002,0.023562316,0.01193518,-nan,-nan
Hybrid,put,100,95,0.02,0.75,1,1500,0,1004,0.023140479,0.011399068,-nan,-nan
Hybrid,put,100,95,0.02,0.75,1,1500,0,1008,0.022746282,0.011220409,-nan,-nan
MPI,put,100,95,0.02,0.75,1,1500,0,2,0.020884148,0.007093613,-nan,-nan
Hybrid,put,100,95,0.02,0.75,1,1500,0,2001,0.02121526,0.00711237,-nan,-nan
Hybrid,put,100,95,0.02,0.75,1,1500,0,2002,0.021579413,0.007983286,-nan,-nan
Hybrid,put,100,95,0.02,0.75,1,1500,0,2004,0.021285708,0.007313466,-nan,-nan
Hybrid,put,100,95,0.02,0.75,1,1500,0,2008,0.021496594,0.007559696,-nan,-nan
MPI,put,100,95,0.02,0.75,1,1500,0,4,0.034626352,0.00814729,-nan,-nan
Hybrid,put,100,95,0.02,0.75,1,1500,0,4001,0.032270306,0.00651207,-nan,-nan
Hybrid,put,100,95,0.02,0.75,1,1500,0,4002,0.04030641,0.014035905,-nan,-nan
Hybrid,put,100,95,0.02,0.75,1,1500,0,4004,0.049349523,0.023999769,-nan,-nan
Hybrid,put,100,95,0.02,0.75,1,1500,0,4008,0.037638826,0.011804249,-nan,-nan
MPI,put,100,95,0.02,0.75,1,1500,0,8,0.070581027,0.009668967,-nan,-nan
Hybrid,put,100,95,0.02,0.75,1,1500,0,8001,0.071805308,0.009823934,-nan,-nan
Hybrid,put,100,95,0.02,0.75,1,1500,0,8002,0.087345411,0.024670846,-nan,-nan
Hybrid,put,100,95,0.02,0.75,1,1500,0,8004,0.115239136,0.053199686,-nan,-nan
Hybrid,put,100,95,0.02,0.75,1,1500,0,8008,0.070006982,0.010049273,-nan,-nan
