Method,Payoff,S0,E,r,sigma,T,N,M,Parallel,Nr_of_assets,T_overall,T_calculation,Result,Abs_Error,Error
Serial,call,100,110,0.02,0.75,1,100000,0,0,1,0.020629588,0.020578308,26.50016687,0.1120421388,-0.1120421388
Serial,call,100,110,0.02,0.75,1,250000,0,0,1,0.043378509,0.043356437,26.86597741,0.2537684032,0.2537684032
Serial,call,100,110,0.02,0.75,1,500000,0,0,1,0.085005117,0.084975662,26.82443364,0.2122246273,0.2122246273
Serial,call,100,110,0.02,0.75,1,750000,0,0,1,0.126834553,0.126804036,26.66706387,0.05485485875,0.05485485875
Serial,call,100,110,0.02,0.75,1,1000000,0,0,1,0.167031941,0.167003415,26.63981062,0.02760161318,0.02760161318
Serial,call,100,110,0.02,0.75,1,2500000,0,0,1,0.426650833,0.426629597,26.64363476,0.03142574778,0.03142574778
Serial,call,100,110,0.02,0.75,1,5000000,0,0,1,0.828117813,0.828070419,26.61252349,0.0003144768566,0.0003144768566
Serial,call,100,110,0.02,0.75,1,7500000,0,0,1,1.229708628,1.229679128,26.58187405,0.03033495695,-0.03033495695
Serial,call,100,110,0.02,0.75,1,10000000,0,0,1,1.6243307,1.624300768,26.62560812,0.01339910706,0.01339910706
Serial,call,100,110,0.02,0.75,1,25000000,0,0,1,4.001534253,4.001515154,26.62373727,0.01152826023,0.01152826023
Serial,call,100,110,0.02,0.75,1,50000000,0,0,1,8.125287534,8.125246285,26.6061051,0.006103912214,-0.006103912214
Serial,call,100,110,0.02,0.75,1,75000000,0,0,1,12.32666001,12.32664488,26.61380873,0.00159972178,0.00159972178
Serial,call,100,110,0.02,0.75,1,100000000,0,0,1,16.64451999,16.64449173,26.61791907,0.005710055433,0.005710055433
Serial,call,100,110,0.02,0.75,1,250000000,0,0,1,41.21033411,41.21031549,26.60791736,0.00429164506,-0.00429164506
Serial,call,100,110,0.02,0.75,1,500000000,0,0,1,81.71051846,81.71050147,26.60836603,0.003842984108,-0.003842984108
Serial,call,100,110,0.02,0.75,1,750000000,0,0,1,120.8267455,120.8267145,26.6113726,0.0008364137148,-0.0008364137148
Serial,call,100,110,0.02,0.75,1,1000000000,0,0,1,161.5557871,161.5557591,26.61068467,0.001524339189,-0.001524339189
OMP,call,100,110,0.02,0.75,1,100000,0,1,1,0.020138815,0.020087431,26.44205625,0.1701527596,-0.1701527596
OMP,call,100,110,0.02,0.75,1,100000,0,5,1,0.008702937,0.008666202,26.29103183,0.3211771848,-0.3211771848
OMP,call,100,110,0.02,0.75,1,100000,0,10,1,0.003833857,0.003821153,26.3871094,0.2250996051,-0.2250996051
OMP,call,100,110,0.02,0.75,1,100000,0,25,1,0.004638089,0.004618525,26.47639985,0.1358091586,-0.1358091586
OMP,call,100,110,0.02,0.75,1,100000,0,32,1,0.007626758,0.007605976,26.51620484,0.0960041689,-0.0960041689
OMP,call,100,110,0.02,0.75,1,100000,0,50,1,0.003240914,0.003226569,26.54577662,0.06643238796,-0.06643238796
OMP,call,100,110,0.02,0.75,1,100000,0,64,1,0.004732672,0.004712922,25.53674957,1.075459439,-1.075459439
OMP,call,100,110,0.02,0.75,1,100000,0,100,1,0.007207494,0.007186461,25.51193819,1.100270816,-1.100270816
OMP,call,100,110,0.02,0.75,1,100000,0,125,1,0.007604336,0.007591889,25.34885839,1.263350622,-1.263350622
OMP,call,100,110,0.02,0.75,1,250000,0,1,1,0.038586749,0.038568639,26.55533777,0.05687124356,-0.05687124356
OMP,call,100,110,0.02,0.75,1,250000,0,5,1,0.015971107,0.015939764,26.24367237,0.3685366449,-0.3685366449
OMP,call,100,110,0.02,0.75,1,250000,0,10,1,0.009351305,0.009320396,26.11121883,0.5009901829,-0.5009901829
OMP,call,100,110,0.02,0.75,1,250000,0,25,1,0.005458818,0.00543572,25.80457972,0.8076292945,-0.8076292945
OMP,call,100,110,0.02,0.75,1,250000,0,32,1,0.013938816,0.013916765,25.93793602,0.6742729897,-0.6742729897
OMP,call,100,110,0.02,0.75,1,250000,0,50,1,0.004800144,0.004790387,25.76148316,0.8507258534,-0.8507258534
OMP,call,100,110,0.02,0.75,1,250000,0,64,1,0.00539207,0.005380294,25.76100776,0.8512012514,-0.8512012514
OMP,call,100,110,0.02,0.75,1,250000,0,100,1,0.010897236,0.010862857,25.61198973,1.000219283,-1.000219283
OMP,call,100,110,0.02,0.75,1,250000,0,125,1,0.010453621,0.010418257,25.62211559,0.9900934171,-0.9900934171
OMP,call,100,110,0.02,0.75,1,500000,0,1,1,0.082295618,0.082278324,26.69270027,0.08049126027,0.08049126027
OMP,call,100,110,0.02,0.75,1,500000,0,5,1,0.023482388,0.023450198,26.35062541,0.2615836041,-0.2615836041
OMP,call,100,110,0.02,0.75,1,500000,0,10,1,0.011764334,0.011752324,26.27234528,0.3398637289,-0.3398637289
OMP,call,100,110,0.02,0.75,1,500000,0,25,1,0.010652626,0.010620878,26.10218716,0.5100218546,-0.5100218546
OMP,call,100,110,0.02,0.75,1,500000,0,32,1,0.012528824,0.012507576,26.01967203,0.5925369806,-0.5925369806
OMP,call,100,110,0.02,0.75,1,500000,0,50,1,0.008498545,0.008479654,25.95207326,0.6601357547,-0.6601357547
OMP,call,100,110,0.02,0.75,1,500000,0,64,1,0.008931714,0.008901821,26.09002838,0.5221806301,-0.5221806301
OMP,call,100,110,0.02,0.75,1,500000,0,100,1,0.008587724,0.008575615,26.03321172,0.578997289,-0.578997289
OMP,call,100,110,0.02,0.75,1,500000,0,125,1,0.008184518,0.008163277,26.09082104,0.5213879729,-0.5213879729
OMP,call,100,110,0.02,0.75,1,750000,0,1,1,0.114788183,0.114772976,26.70410725,0.09189824194,0.09189824194
OMP,call,100,110,0.02,0.75,1,750000,0,5,1,0.030100546,0.030063005,26.40780431,0.2044047028,-0.2044047028
OMP,call,100,110,0.02,0.75,1,750000,0,10,1,0.020245949,0.020216425,26.31800202,0.2942069851,-0.2942069851
OMP,call,100,110,0.02,0.75,1,750000,0,25,1,0.009571736,0.009546786,26.13262816,0.4795808482,-0.4795808482
OMP,call,100,110,0.02,0.75,1,750000,0,32,1,0.017316897,0.01729489,26.13886326,0.4733457462,-0.4733457462
OMP,call,100,110,0.02,0.75,1,750000,0,50,1,0.008407086,0.008387082,26.07230386,0.5399051498,-0.5399051498
OMP,call,100,110,0.02,0.75,1,750000,0,64,1,0.00849182,0.008476524,26.05558197,0.5566270419,-0.5566270419
OMP,call,100,110,0.02,0.75,1,750000,0,100,1,0.009511514,0.009496423,26.04850234,0.5637066709,-0.5637066709
OMP,call,100,110,0.02,0.75,1,750000,0,125,1,0.012051987,0.012038735,26.07394762,0.5382613921,-0.5382613921
OMP,call,100,110,0.02,0.75,1,1000000,0,1,1,0.157510855,0.157498123,26.70833106,0.09612205373,0.09612205373
OMP,call,100,110,0.02,0.75,1,1000000,0,5,1,0.037272964,0.037238494,26.47486178,0.1373472253,-0.1373472253
OMP,call,100,110,0.02,0.75,1,1000000,0,10,1,0.023735653,0.023721605,26.36561392,0.24659509,-0.24659509
OMP,call,100,110,0.02,0.75,1,1000000,0,25,1,0.013065164,0.013027738,26.17080593,0.4414030792,-0.4414030792
OMP,call,100,110,0.02,0.75,1,1000000,0,32,1,0.014238379,0.014220516,26.13162099,0.4805880246,-0.4805880246
OMP,call,100,110,0.02,0.75,1,1000000,0,50,1,0.00893223,0.008916529,25.94180897,0.670400037,-0.670400037
OMP,call,100,110,0.02,0.75,1,1000000,0,64,1,0.010273671,0.010259715,25.8978508,0.7143582102,-0.7143582102
OMP,call,100,110,0.02,0.75,1,1000000,0,100,1,0.010479855,0.010466395,25.9149533,0.6972557057,-0.6972557057
OMP,call,100,110,0.02,0.75,1,1000000,0,125,1,0.011965532,0.011954087,25.86846554,0.7437434708,-0.7437434708
OMP,call,100,110,0.02,0.75,1,2500000,0,1,1,0.388729709,0.388716341,26.61130987,0.0008991393058,-0.0008991393058
OMP,call,100,110,0.02,0.75,1,2500000,0,5,1,0.090135826,0.090100663,26.54681561,0.06539340408,-0.06539340408
OMP,call,100,110,0.02,0.75,1,2500000,0,10,1,0.053816238,0.053789161,26.53218115,0.08002785771,-0.08002785771
OMP,call,100,110,0.02,0.75,1,2500000,0,25,1,0.025954693,0.025921496,26.45032754,0.1618814666,-0.1618814666
OMP,call,100,110,0.02,0.75,1,2500000,0,32,1,0.026049643,0.026034524,26.38669926,0.2255097524,-0.2255097524
OMP,call,100,110,0.02,0.75,1,2500000,0,50,1,0.021075987,0.021066046,26.21550207,0.3967069409,-0.3967069409
OMP,call,100,110,0.02,0.75,1,2500000,0,64,1,0.019908608,0.019897015,26.11596824,0.4962407654,-0.4962407654
OMP,call,100,110,0.02,0.75,1,2500000,0,100,1,0.02082434,0.020808119,26.05179381,0.5604151987,-0.5604151987
OMP,call,100,110,0.02,0.75,1,2500000,0,125,1,0.022666617,0.022654071,25.94773264,0.6644763739,-0.6644763739
OMP,call,100,110,0.02,0.75,1,5000000,0,1,1,0.753810804,0.753797693,26.63972937,0.02752036284,0.02752036284
OMP,call,100,110,0.02,0.75,1,5000000,0,5,1,0.173471135,0.173432964,26.57542318,0.03678583415,-0.03678583415
OMP,call,100,110,0.02,0.75,1,5000000,0,10,1,0.097498517,0.097483152,26.59134049,0.02086851941,-0.02086851941
OMP,call,100,110,0.02,0.75,1,5000000,0,25,1,0.048108377,0.048080044,26.49488344,0.1173255661,-0.1173255661
OMP,call,100,110,0.02,0.75,1,5000000,0,32,1,0.039943198,0.039901806,26.45171224,0.1604967668,-0.1604967668
OMP,call,100,110,0.02,0.75,1,5000000,0,50,1,0.035631501,0.035615382,26.38604476,0.2261642487,-0.2261642487
OMP,call,100,110,0.02,0.75,1,5000000,0,64,1,0.038799163,0.03878082,26.41015249,0.202056517,-0.202056517
OMP,call,100,110,0.02,0.75,1,5000000,0,100,1,0.039012424,0.039001678,26.45302897,0.1591800426,-0.1591800426
OMP,call,100,110,0.02,0.75,1,5000000,0,125,1,0.043097467,0.043075776,26.4879275,0.1242815109,-0.1242815109
OMP,call,100,110,0.02,0.75,1,7500000,0,1,1,1.25160148,1.251580238,26.57779558,0.03441343398,-0.03441343398
OMP,call,100,110,0.02,0.75,1,7500000,0,5,1,0.25453453,0.254499027,26.68094806,0.06873905377,0.06873905377
OMP,call,100,110,0.02,0.75,1,7500000,0,10,1,0.138307663,0.138289094,26.72262378,0.1104147669,0.1104147669
OMP,call,100,110,0.02,0.75,1,7500000,0,25,1,0.069192755,0.069158938,26.75934926,0.1471402524,0.1471402524
OMP,call,100,110,0.02,0.75,1,7500000,0,32,1,0.053447878,0.053387635,26.67144417,0.0592351553,0.0592351553
OMP,call,100,110,0.02,0.75,1,7500000,0,50,1,0.051487638,0.051475286,26.67959946,0.06739044897,0.06739044897
OMP,call,100,110,0.02,0.75,1,7500000,0,64,1,0.050761842,0.050750015,26.67156225,0.05935324249,0.05935324249
OMP,call,100,110,0.02,0.75,1,7500000,0,100,1,0.051430401,0.051417352,26.57101286,0.04119614544,-0.04119614544
OMP,call,100,110,0.02,0.75,1,7500000,0,125,1,0.053005314,0.052993831,26.59655764,0.01565137215,-0.01565137215
OMP,call,100,110,0.02,0.75,1,10000000,0,1,1,1.579335504,1.579321238,26.61195828,0.0002507322928,-0.0002507322928
OMP,call,100,110,0.02,0.75,1,10000000,0,5,1,0.345731896,0.345700195,26.61059335,0.001615656297,-0.001615656297
OMP,call,100,110,0.02,0.75,1,10000000,0,10,1,0.171694094,0.171659545,26.50629569,0.1059133197,-0.1059133197
OMP,call,100,110,0.02,0.75,1,10000000,0,25,1,0.08929544,0.089256417,26.45516141,0.1570475968,-0.1570475968
OMP,call,100,110,0.02,0.75,1,10000000,0,32,1,0.06713311,0.067117262,26.52585262,0.08635638618,-0.08635638618
OMP,call,100,110,0.02,0.75,1,10000000,0,50,1,0.066097079,0.066084013,26.60381256,0.008396445916,-0.008396445916
OMP,call,100,110,0.02,0.75,1,10000000,0,64,1,0.068042398,0.068029836,26.66497825,0.05276924039,0.05276924039
OMP,call,100,110,0.02,0.75,1,10000000,0,100,1,0.068494444,0.068480514,26.66787812,0.05566911468,0.05566911468
OMP,call,100,110,0.02,0.75,1,10000000,0,125,1,0.070320252,0.070306022,26.63766609,0.02545708104,0.02545708104
OMP,call,100,110,0.02,0.75,1,25000000,0,1,1,4.183485372,4.183455753,26.60502036,0.007188646687,-0.007188646687
OMP,call,100,110,0.02,0.75,1,25000000,0,5,1,0.844441144,0.844407941,26.62701089,0.01480188386,0.01480188386
OMP,call,100,110,0.02,0.75,1,25000000,0,10,1,0.436841632,0.436810765,26.60644276,0.005766246156,-0.005766246156
OMP,call,100,110,0.02,0.75,1,25000000,0,25,1,0.204128832,0.204112636,26.74428625,0.132077236,0.132077236
OMP,call,100,110,0.02,0.75,1,25000000,0,32,1,0.164115745,0.164098686,26.76817591,0.1559669045,0.1559669045
OMP,call,100,110,0.02,0.75,1,25000000,0,50,1,0.166921041,0.166900605,26.78118185,0.1689728416,0.1689728416
OMP,call,100,110,0.02,0.75,1,25000000,0,64,1,0.16405707,0.164041477,26.77227845,0.1600694356,0.1600694356
OMP,call,100,110,0.02,0.75,1,25000000,0,100,1,0.159117304,0.159079928,26.71567358,0.1034645704,0.1034645704
OMP,call,100,110,0.02,0.75,1,25000000,0,125,1,0.161140636,0.161106806,26.40055079,0.2116582219,-0.2116582219
OMP,call,100,110,0.02,0.75,1,50000000,0,1,1,7.797887721,7.797872756,26.5929491,0.01925991387,-0.01925991387
OMP,call,100,110,0.02,0.75,1,50000000,0,5,1,1.625246674,1.625214547,26.64843017,0.03622116084,0.03622116084
OMP,call,100,110,0.02,0.75,1,50000000,0,10,1,0.839106941,0.839075273,26.62182594,0.009616931629,0.009616931629
OMP,call,100,110,0.02,0.75,1,50000000,0,25,1,0.372476257,0.372454219,26.70668681,0.09447779985,0.09447779985
OMP,call,100,110,0.02,0.75,1,50000000,0,32,1,0.317513819,0.317502823,26.72576048,0.1135514656,0.1135514656
OMP,call,100,110,0.02,0.75,1,50000000,0,50,1,0.319521088,0.319506753,26.62872566,0.01651664786,0.01651664786
OMP,call,100,110,0.02,0.75,1,50000000,0,64,1,0.321414109,0.321399694,26.62901959,0.01681058105,0.01681058105
OMP,call,100,110,0.02,0.75,1,50000000,0,100,1,0.318591213,0.318568745,26.65313905,0.04093004448,0.04093004448
OMP,call,100,110,0.02,0.75,1,50000000,0,125,1,0.32554113,0.325528715,26.56720329,0.04500572301,-0.04500572301
OMP,call,100,110,0.02,0.75,1,75000000,0,1,1,12.0842598,12.08424607,26.59497352,0.01723549061,-0.01723549061
OMP,call,100,110,0.02,0.75,1,75000000,0,5,1,2.48286276,2.482834932,26.58963334,0.02257567191,-0.02257567191
OMP,call,100,110,0.02,0.75,1,75000000,0,10,1,1.287472589,1.287447634,26.62040492,0.008195907453,0.008195907453
OMP,call,100,110,0.02,0.75,1,75000000,0,25,1,0.614309042,0.614294766,26.62133293,0.009123917499,0.009123917499
OMP,call,100,110,0.02,0.75,1,75000000,0,32,1,0.506761446,0.506747357,26.5820296,0.03017940944,-0.03017940944
OMP,call,100,110,0.02,0.75,1,75000000,0,50,1,0.501162049,0.501150534,26.56782353,0.04438547853,-0.04438547853
OMP,call,100,110,0.02,0.75,1,75000000,0,64,1,0.499908747,0.499894436,26.59357633,0.01863268435,-0.01863268435
OMP,call,100,110,0.02,0.75,1,75000000,0,100,1,0.503774936,0.503758747,26.59427436,0.01793464544,-0.01793464544
OMP,call,100,110,0.02,0.75,1,75000000,0,125,1,0.501947784,0.501927191,26.63327015,0.02106114411,0.02106114411
OMP,call,100,110,0.02,0.75,1,100000000,0,1,1,15.99624546,15.99622826,26.62182102,0.009612008283,0.009612008283
OMP,call,100,110,0.02,0.75,1,100000000,0,5,1,3.299874566,3.299835891,26.61452936,0.002320352605,0.002320352605
OMP,call,100,110,0.02,0.75,1,100000000,0,10,1,1.678221002,1.678206145,26.59438757,0.01782143684,-0.01782143684
OMP,call,100,110,0.02,0.75,1,100000000,0,25,1,0.789478844,0.789444763,26.65629522,0.04408620906,0.04408620906
OMP,call,100,110,0.02,0.75,1,100000000,0,32,1,0.650737754,0.650695919,26.61500195,0.002792941919,0.002792941919
OMP,call,100,110,0.02,0.75,1,100000000,0,50,1,0.646221832,0.646203729,26.5562306,0.05597841207,-0.05597841207
OMP,call,100,110,0.02,0.75,1,100000000,0,64,1,0.645772097,0.645761355,26.55808758,0.05412143287,-0.05412143287
OMP,call,100,110,0.02,0.75,1,100000000,0,100,1,0.645197242,0.645180249,26.67918404,0.06697502641,0.06697502641
OMP,call,100,110,0.02,0.75,1,100000000,0,125,1,0.648560223,0.648546193,26.62024216,0.008033154762,0.008033154762
OMP,call,100,110,0.02,0.75,1,250000000,0,1,1,39.54307637,39.54306357,26.60891708,0.003291931448,-0.003291931448
OMP,call,100,110,0.02,0.75,1,250000000,0,5,1,8.221501018,8.221474428,26.60832372,0.003885289863,-0.003885289863
OMP,call,100,110,0.02,0.75,1,250000000,0,10,1,4.198303768,4.198255803,26.60630594,0.005903069107,-0.005903069107
OMP,call,100,110,0.02,0.75,1,250000000,0,25,1,2.038859816,2.038837129,26.60260696,0.009602050654,-0.009602050654
OMP,call,100,110,0.02,0.75,1,250000000,0,32,1,1.624185418,1.624170869,26.57009883,0.04211017847,-0.04211017847
OMP,call,100,110,0.02,0.75,1,250000000,0,50,1,1.596265267,1.596251164,26.61745557,0.005246558581,0.005246558581
OMP,call,100,110,0.02,0.75,1,250000000,0,64,1,1.548768484,1.548752084,26.5924893,0.01971971426,-0.01971971426
OMP,call,100,110,0.02,0.75,1,250000000,0,100,1,1.589245719,1.589224057,26.58317562,0.02903338756,-0.02903338756
OMP,call,100,110,0.02,0.75,1,250000000,0,125,1,1.572474336,1.572457805,26.63099744,0.0187884277,0.0187884277
OMP,call,100,110,0.02,0.75,1,500000000,0,1,1,81.41566548,81.41564475,26.61252382,0.0003148051686,0.0003148051686
OMP,call,100,110,0.02,0.75,1,500000000,0,5,1,16.63737713,16.63734598,26.62240178,0.01019277459,0.01019277459
OMP,call,100,110,0.02,0.75,1,500000000,0,10,1,8.382233719,8.382214871,26.62107796,0.008868949384,0.008868949384
OMP,call,100,110,0.02,0.75,1,500000000,0,25,1,3.913667691,3.91365304,26.62582684,0.01361782584,0.01361782584
OMP,call,100,110,0.02,0.75,1,500000000,0,32,1,3.248710676,3.248690294,26.62030596,0.00809695204,0.00809695204
OMP,call,100,110,0.02,0.75,1,500000000,0,50,1,3.320714362,3.320702022,26.61654741,0.004338401061,0.004338401061
OMP,call,100,110,0.02,0.75,1,500000000,0,64,1,3.577438806,3.577423962,26.59370327,0.01850573893,-0.01850573893
OMP,call,100,110,0.02,0.75,1,500000000,0,100,1,3.561698269,3.561683427,26.60465457,0.007554437304,-0.007554437304
OMP,call,100,110,0.02,0.75,1,500000000,0,125,1,3.344094265,3.344079448,26.63785729,0.02564827727,0.02564827727
OMP,call,100,110,0.02,0.75,1,750000000,0,1,1,122.3454428,122.3454196,26.61039099,0.001818019755,-0.001818019755
OMP,call,100,110,0.02,0.75,1,750000000,0,5,1,24.67758479,24.67755462,26.61412581,0.00191679541,0.00191679541
OMP,call,100,110,0.02,0.75,1,750000000,0,10,1,12.57444811,12.57440747,26.61779163,0.005582622764,0.005582622764
OMP,call,100,110,0.02,0.75,1,750000000,0,25,1,6.082086054,6.082071958,26.59734689,0.01486212232,-0.01486212232
OMP,call,100,110,0.02,0.75,1,750000000,0,32,1,5.010361087,5.010339397,26.62240654,0.0101975336,0.0101975336
OMP,call,100,110,0.02,0.75,1,750000000,0,50,1,4.803292394,4.803275101,26.62456182,0.01235280602,0.01235280602
OMP,call,100,110,0.02,0.75,1,750000000,0,64,1,4.5865706,4.586554241,26.62118393,0.008974918515,0.008974918515
OMP,call,100,110,0.02,0.75,1,750000000,0,100,1,4.497140314,4.497127979,26.62337179,0.0111627758,0.0111627758
OMP,call,100,110,0.02,0.75,1,750000000,0,125,1,4.718181326,4.718168506,26.58897076,0.02323824959,-0.02323824959
OMP,call,100,110,0.02,0.75,1,1000000000,0,1,1,163.6867741,163.6867604,26.61340747,0.001198456587,0.001198456587
OMP,call,100,110,0.02,0.75,1,1000000000,0,5,1,33.27933222,33.27930191,26.61623522,0.004026213461,0.004026213461
OMP,call,100,110,0.02,0.75,1,1000000000,0,10,1,16.80527444,16.80525922,26.60923804,0.002970969168,-0.002970969168
OMP,call,100,110,0.02,0.75,1,1000000000,0,25,1,8.150703615,8.150662309,26.61787693,0.005667915308,0.005667915308
OMP,call,100,110,0.02,0.75,1,1000000000,0,32,1,7.460347234,7.460332909,26.63420649,0.02199747634,0.02199747634
OMP,call,100,110,0.02,0.75,1,1000000000,0,50,1,7.425399944,7.425382922,26.62865126,0.01644224516,0.01644224516
OMP,call,100,110,0.02,0.75,1,1000000000,0,64,1,6.946364365,6.946342219,26.618409,0.006199989267,0.006199989267
OMP,call,100,110,0.02,0.75,1,1000000000,0,100,1,7.353977219,7.353965462,26.60966113,0.002547876791,-0.002547876791
OMP,call,100,110,0.02,0.75,1,1000000000,0,125,1,7.147369345,7.147355495,26.65100525,0.03879623633,0.03879623633
MPI,call,100,110,0.02,0.75,1,100000,0,1,1,0.258827324,0.014045186,26.58611241,0.02609659871,-0.02609659871
MPI,call,100,110,0.02,0.75,1,100000,0,5,1,0.268885086,0.009610829,26.3229066,0.2893024062,-0.2893024062
MPI,call,100,110,0.02,0.75,1,100000,0,10,1,0.277348128,0.004750848,26.53164928,0.08055972753,-0.08055972753
MPI,call,100,110,0.02,0.75,1,100000,0,25,1,0.307325524,0.002425424,26.82408369,0.2118746833,0.2118746833
MPI,call,100,110,0.02,0.75,1,100000,0,32,1,0.335631829,0.006050614,26.57953895,0.0326700554,-0.0326700554
MPI,call,100,110,0.02,0.75,1,100000,0,50,1,0.447297004,0.000748612,26.66611234,0.05390333439,0.05390333439
MPI,call,100,110,0.02,0.75,1,100000,0,64,1,0.538451285,0.005165063,26.40212772,0.2100812894,-0.2100812894
MPI,call,100,110,0.02,0.75,1,100000,0,100,1,0.802403193,0.014536064,26.20770664,0.404502369,-0.404502369
MPI,call,100,110,0.02,0.75,1,100000,0,125,1,1.050952543,0.016349094,26.89156678,0.2793577688,0.2793577688
MPI,call,100,110,0.02,0.75,1,250000,0,1,1,0.268323051,0.038016746,26.5391559,0.07305311418,-0.07305311418
MPI,call,100,110,0.02,0.75,1,250000,0,5,1,0.271076393,0.016641516,26.47529985,0.136909155,-0.136909155
MPI,call,100,110,0.02,0.75,1,250000,0,10,1,0.271957086,0.008560718,26.67793249,0.06572348246,0.06572348246
MPI,call,100,110,0.02,0.75,1,250000,0,25,1,0.312733016,0.003060903,26.80405548,0.1918464747,0.1918464747
MPI,call,100,110,0.02,0.75,1,250000,0,32,1,0.357773846,0.00738574,26.49153642,0.1206725938,-0.1206725938
MPI,call,100,110,0.02,0.75,1,250000,0,50,1,0.468389808,0.016429946,26.60754159,0.004667419363,-0.004667419363
MPI,call,100,110,0.02,0.75,1,250000,0,64,1,0.650494652,0.033037303,26.82877627,0.2165672588,0.2165672588
MPI,call,100,110,0.02,0.75,1,250000,0,100,1,0.823692798,0.020030547,26.74311565,0.1309066389,0.1309066389
MPI,call,100,110,0.02,0.75,1,250000,0,125,1,1.046093968,0.017488409,26.6931933,0.08098429068,0.08098429068
MPI,call,100,110,0.02,0.75,1,500000,0,1,1,0.309790992,0.077777524,26.67907726,0.06686824603,0.06686824603
MPI,call,100,110,0.02,0.75,1,500000,0,5,1,0.287925291,0.022629437,26.57510421,0.03710479718,-0.03710479718
MPI,call,100,110,0.02,0.75,1,500000,0,10,1,0.283182512,0.015145602,26.73865361,0.1264445971,0.1264445971
MPI,call,100,110,0.02,0.75,1,500000,0,25,1,0.344705684,0.018951542,26.67103916,0.05883015002,0.05883015002
MPI,call,100,110,0.02,0.75,1,500000,0,32,1,0.35354907,0.011315048,26.59316273,0.01904627968,-0.01904627968
MPI,call,100,110,0.02,0.75,1,500000,0,50,1,0.472289517,0.022532725,26.61973465,0.007525638474,0.007525638474
MPI,call,100,110,0.02,0.75,1,500000,0,64,1,0.572445021,0.010881034,26.51292466,0.09928435244,-0.09928435244
MPI,call,100,110,0.02,0.75,1,500000,0,100,1,0.89527144,0.017046001,26.65631865,0.04410964123,0.04410964123
MPI,call,100,110,0.02,0.75,1,500000,0,125,1,1.109213998,0.020738611,26.59113051,0.02107850152,-0.02107850152
MPI,call,100,110,0.02,0.75,1,750000,0,1,1,0.369015623,0.131799841,26.62920142,0.01699240751,0.01699240751
MPI,call,100,110,0.02,0.75,1,750000,0,5,1,0.290335609,0.032235509,26.62697916,0.01477014912,0.01477014912
MPI,call,100,110,0.02,0.75,1,750000,0,10,1,0.306860885,0.033379465,26.67814374,0.06593473446,0.06593473446
MPI,call,100,110,0.02,0.75,1,750000,0,25,1,0.33404587,0.019399595,26.58792314,0.0242858733,-0.0242858733
MPI,call,100,110,0.02,0.75,1,750000,0,32,1,0.353505314,0.016546044,26.56563582,0.04657319032,-0.04657319032
MPI,call,100,110,0.02,0.75,1,750000,0,50,1,0.628419538,0.031972633,26.52031781,0.09189120285,-0.09189120285
MPI,call,100,110,0.02,0.75,1,750000,0,64,1,0.583525789,0.017779168,26.52800557,0.08420344066,-0.08420344066
MPI,call,100,110,0.02,0.75,1,750000,0,100,1,0.859175699,0.012225275,26.71444755,0.1022385407,0.1022385407
MPI,call,100,110,0.02,0.75,1,750000,0,125,1,1.15034838,0.019078509,26.59871375,0.01349525564,-0.01349525564
MPI,call,100,110,0.02,0.75,1,1000000,0,1,1,0.39436035,0.151557234,26.61597987,0.003770859716,0.003770859716
MPI,call,100,110,0.02,0.75,1,1000000,0,5,1,0.292955866,0.040097507,26.59352015,0.01868886205,-0.01868886205
MPI,call,100,110,0.02,0.75,1,1000000,0,10,1,0.308062472,0.029015772,26.62567014,0.01346112539,0.01346112539
MPI,call,100,110,0.02,0.75,1,1000000,0,25,1,0.348301498,0.034810738,26.5270542,0.08515480644,-0.08515480644
MPI,call,100,110,0.02,0.75,1,1000000,0,32,1,0.361676295,0.020428419,26.63300123,0.02079221501,0.02079221501
MPI,call,100,110,0.02,0.75,1,1000000,0,50,1,0.504053109,0.021379892,26.72307167,0.1108626592,0.1108626592
MPI,call,100,110,0.02,0.75,1,1000000,0,64,1,0.569055762,0.019108733,26.66405123,0.05184222111,0.05184222111
MPI,call,100,110,0.02,0.75,1,1000000,0,100,1,0.973361611,0.033726723,26.59883372,0.01337528719,-0.01337528719
MPI,call,100,110,0.02,0.75,1,1000000,0,125,1,1.065416322,0.029735491,26.68900713,0.07679812312,0.07679812312
MPI,call,100,110,0.02,0.75,1,2500000,0,1,1,0.586152559,0.348268249,26.57854472,0.03366428561,-0.03366428561
MPI,call,100,110,0.02,0.75,1,2500000,0,5,1,0.349573365,0.092773879,26.56703204,0.04517696997,-0.04517696997
MPI,call,100,110,0.02,0.75,1,2500000,0,10,1,0.320153703,0.056346047,26.63506605,0.02285704106,0.02285704106
MPI,call,100,110,0.02,0.75,1,2500000,0,25,1,0.361255541,0.043976905,26.56364453,0.04856447742,-0.04856447742
MPI,call,100,110,0.02,0.75,1,2500000,0,32,1,0.397940356,0.045246568,26.55893238,0.05327662546,-0.05327662546
MPI,call,100,110,0.02,0.75,1,2500000,0,50,1,0.559090188,0.036760966,26.57096211,0.04124689668,-0.04124689668
MPI,call,100,110,0.02,0.75,1,2500000,0,64,1,0.595745503,0.03635778,26.60942012,0.002788887302,-0.002788887302
MPI,call,100,110,0.02,0.75,1,2500000,0,100,1,1.01089079,0.050081117,26.52248855,0.08972045718,-0.08972045718
MPI,call,100,110,0.02,0.75,1,2500000,0,125,1,1.140119636,0.040217479,26.66165036,0.04944135241,0.04944135241
MPI,call,100,110,0.02,0.75,1,5000000,0,1,1,0.923860431,0.694900285,26.61996057,0.00775156199,0.00775156199
MPI,call,100,110,0.02,0.75,1,5000000,0,5,1,0.42375257,0.1718994,26.59411615,0.01809285595,-0.01809285595
MPI,call,100,110,0.02,0.75,1,5000000,0,10,1,0.371451797,0.10695228,26.64682026,0.03461125404,0.03461125404
MPI,call,100,110,0.02,0.75,1,5000000,0,25,1,0.401430976,0.081729757,26.61334636,0.001137346325,0.001137346325
MPI,call,100,110,0.02,0.75,1,5000000,0,32,1,0.419664031,0.082695643,26.61113202,0.001076986293,-0.001076986293
MPI,call,100,110,0.02,0.75,1,5000000,0,50,1,0.530716276,0.061164619,26.58558468,0.02662433064,-0.02662433064
MPI,call,100,110,0.02,0.75,1,5000000,0,64,1,0.609582473,0.066081076,26.63271069,0.02050167833,0.02050167833
MPI,call,100,110,0.02,0.75,1,5000000,0,100,1,1.005820112,0.069444972,26.59913542,0.01307358903,-0.01307358903
MPI,call,100,110,0.02,0.75,1,5000000,0,125,1,1.221149197,0.077845402,26.6248961,0.01268709388,0.01268709388
MPI,call,100,110,0.02,0.75,1,7500000,0,1,1,1.340000991,1.107331752,26.59972831,0.01248069943,-0.01248069943
MPI,call,100,110,0.02,0.75,1,7500000,0,5,1,0.546837789,0.290758204,26.62076561,0.008556601535,0.008556601535
MPI,call,100,110,0.02,0.75,1,7500000,0,10,1,0.43098257,0.163489583,26.59506834,0.01714067122,-0.01714067122
MPI,call,100,110,0.02,0.75,1,7500000,0,25,1,0.424743315,0.106612471,26.63536563,0.02315661784,0.02315661784
MPI,call,100,110,0.02,0.75,1,7500000,0,32,1,0.455486011,0.093015726,26.60401322,0.008195794892,-0.008195794892
MPI,call,100,110,0.02,0.75,1,7500000,0,50,1,0.561961171,0.092892792,26.62643691,0.01422789714,0.01422789714
MPI,call,100,110,0.02,0.75,1,7500000,0,64,1,0.649300962,0.065830546,26.58461741,0.02759160334,-0.02759160334
MPI,call,100,110,0.02,0.75,1,7500000,0,100,1,0.96649108,0.090690463,26.63713456,0.02492554941,0.02492554941
MPI,call,100,110,0.02,0.75,1,7500000,0,125,1,1.040543458,0.054352495,26.61902755,0.006818537183,0.006818537183
MPI,call,100,110,0.02,0.75,1,10000000,0,1,1,1.742492638,1.501941552,26.60580666,0.0064023468,-0.0064023468
MPI,call,100,110,0.02,0.75,1,10000000,0,5,1,0.649007543,0.38964976,26.63630503,0.0240960168,0.0240960168
MPI,call,100,110,0.02,0.75,1,10000000,0,10,1,0.480734284,0.213636008,26.61335443,0.001145424811,0.001145424811
MPI,call,100,110,0.02,0.75,1,10000000,0,25,1,0.437910887,0.135277576,26.60564774,0.006561271699,-0.006561271699
MPI,call,100,110,0.02,0.75,1,10000000,0,32,1,0.492553702,0.130247749,26.60219267,0.01001633599,-0.01001633599
MPI,call,100,110,0.02,0.75,1,10000000,0,50,1,0.572644614,0.127798512,26.59978345,0.0124255615,-0.0124255615
MPI,call,100,110,0.02,0.75,1,10000000,0,64,1,0.662922902,0.121314259,26.60127812,0.01093088993,-0.01093088993
MPI,call,100,110,0.02,0.75,1,10000000,0,100,1,0.884359778,0.089678306,26.59530079,0.01690821522,-0.01690821522
MPI,call,100,110,0.02,0.75,1,10000000,0,125,1,1.236212245,0.114952637,26.62783065,0.01562163736,0.01562163736
MPI,call,100,110,0.02,0.75,1,25000000,0,1,1,4.158009152,3.918163514,26.6275234,0.01531438896,0.01531438896
MPI,call,100,110,0.02,0.75,1,25000000,0,5,1,1.106651333,0.853089525,26.6325083,0.02029929075,0.02029929075
MPI,call,100,110,0.02,0.75,1,25000000,0,10,1,0.784278783,0.52038399,26.607494,0.004715011095,-0.004715011095
MPI,call,100,110,0.02,0.75,1,25000000,0,25,1,0.554455589,0.246840132,26.59914636,0.0130626545,-0.0130626545
MPI,call,100,110,0.02,0.75,1,25000000,0,32,1,0.579039929,0.224267654,26.60746766,0.004741354098,-0.004741354098
MPI,call,100,110,0.02,0.75,1,25000000,0,50,1,0.665731521,0.226544618,26.61652908,0.004320067659,0.004320067659
MPI,call,100,110,0.02,0.75,1,25000000,0,64,1,0.80624047,0.28636159,26.61376832,0.001559307022,0.001559307022
MPI,call,100,110,0.02,0.75,1,25000000,0,100,1,1.148692884,0.248028463,26.60801317,0.004195842079,-0.004195842079
MPI,call,100,110,0.02,0.75,1,25000000,0,125,1,1.260254664,0.247479696,26.60329382,0.008915193388,-0.008915193388
MPI,call,100,110,0.02,0.75,1,50000000,0,1,1,8.61131174,8.372981023,26.60445184,0.007757174605,-0.007757174605
MPI,call,100,110,0.02,0.75,1,50000000,0,5,1,1.922451978,1.669610129,26.60536254,0.006846465412,-0.006846465412
MPI,call,100,110,0.02,0.75,1,50000000,0,10,1,1.152546966,0.87237378,26.61236335,0.0001543370212,0.0001543370212
MPI,call,100,110,0.02,0.75,1,50000000,0,25,1,0.845163363,0.513593642,26.6073316,0.004877411825,-0.004877411825
MPI,call,100,110,0.02,0.75,1,50000000,0,32,1,0.806804918,0.462800541,26.59913971,0.01306929592,-0.01306929592
MPI,call,100,110,0.02,0.75,1,50000000,0,50,1,0.911035057,0.455202954,26.61293745,0.0007284359112,0.0007284359112
MPI,call,100,110,0.02,0.75,1,50000000,0,64,1,1.058969402,0.465021682,26.62512688,0.01291786998,0.01291786998
MPI,call,100,110,0.02,0.75,1,50000000,0,100,1,1.383097968,0.502313141,26.60984748,0.00236152987,-0.00236152987
MPI,call,100,110,0.02,0.75,1,50000000,0,125,1,1.577861294,0.514713536,26.59729912,0.01490988766,-0.01490988766
MPI,call,100,110,0.02,0.75,1,75000000,0,1,1,11.98840698,11.74751718,26.62570588,0.01349687334,0.01349687334
MPI,call,100,110,0.02,0.75,1,75000000,0,5,1,2.819940807,2.55931456,26.63016519,0.0179561763,0.0179561763
MPI,call,100,110,0.02,0.75,1,75000000,0,10,1,1.625129349,1.350706422,26.61299642,0.0007874070469,0.0007874070469
MPI,call,100,110,0.02,0.75,1,75000000,0,25,1,1.020827038,0.709084031,26.61258684,0.0003778337003,0.0003778337003
MPI,call,100,110,0.02,0.75,1,75000000,0,32,1,1.012253733,0.64260575,26.60148596,0.01072305458,-0.01072305458
MPI,call,100,110,0.02,0.75,1,75000000,0,50,1,1.062313401,0.640458391,26.62174045,0.009531442844,0.009531442844
MPI,call,100,110,0.02,0.75,1,75000000,0,64,1,1.238479913,0.663150145,26.60884607,0.003362944629,-0.003362944629
MPI,call,100,110,0.02,0.75,1,75000000,0,100,1,1.572608752,0.694079895,26.60878318,0.003425826633,-0.003425826633
MPI,call,100,110,0.02,0.75,1,75000000,0,125,1,1.887452163,0.748398893,26.61096265,0.00124636167,-0.00124636167
MPI,call,100,110,0.02,0.75,1,100000000,0,1,1,15.99536447,15.74787889,26.61039517,0.001813840697,-0.001813840697
MPI,call,100,110,0.02,0.75,1,100000000,0,5,1,3.603195398,3.343646124,26.61651914,0.004310132948,0.004310132948
MPI,call,100,110,0.02,0.75,1,100000000,0,10,1,2.130992844,1.844806323,26.61868987,0.006480856975,0.006480856975
MPI,call,100,110,0.02,0.75,1,100000000,0,25,1,1.287980827,0.948966253,26.61116305,0.001045957718,-0.001045957718
MPI,call,100,110,0.02,0.75,1,100000000,0,32,1,1.153915802,0.817976875,26.60193365,0.01027536131,-0.01027536131
MPI,call,100,110,0.02,0.75,1,100000000,0,50,1,1.31492765,0.809210843,26.60445261,0.007756402362,-0.007756402362
MPI,call,100,110,0.02,0.75,1,100000000,0,64,1,1.399687657,0.87305329,26.6103275,0.001881509736,-0.001881509736
MPI,call,100,110,0.02,0.75,1,100000000,0,100,1,1.859981485,0.925992193,26.61420848,0.001999474417,0.001999474417
MPI,call,100,110,0.02,0.75,1,100000000,0,125,1,1.966184685,0.923224922,26.60629766,0.005911347868,-0.005911347868
MPI,call,100,110,0.02,0.75,1,250000000,0,1,1,40.19801061,39.95859576,26.60338656,0.008822449251,-0.008822449251
MPI,call,100,110,0.02,0.75,1,250000000,0,5,1,8.704416047,8.452398024,26.61127185,0.0009371610879,-0.0009371610879
MPI,call,100,110,0.02,0.75,1,250000000,0,10,1,4.565247915,4.299431188,26.61293574,0.0007267335396,0.0007267335396
MPI,call,100,110,0.02,0.75,1,250000000,0,25,1,2.587036203,2.274757306,26.61464802,0.002439012741,0.002439012741
MPI,call,100,110,0.02,0.75,1,250000000,0,32,1,2.232218033,1.86948491,26.60562291,0.00658609593,-0.00658609593
MPI,call,100,110,0.02,0.75,1,250000000,0,50,1,2.731453912,2.261785302,26.61340568,0.001196666801,0.001196666801
MPI,call,100,110,0.02,0.75,1,250000000,0,64,1,2.800566802,2.192303472,26.61084266,0.001366350089,-0.001366350089
MPI,call,100,110,0.02,0.75,1,250000000,0,100,1,3.19653521,2.279121436,26.60673726,0.005471753456,-0.005471753456
MPI,call,100,110,0.02,0.75,1,250000000,0,125,1,3.464908762,2.411846473,26.61564127,0.00343226065,0.00343226065
MPI,call,100,110,0.02,0.75,1,500000000,0,1,1,80.92087536,80.6782446,26.61365531,0.001446296312,0.001446296312
MPI,call,100,110,0.02,0.75,1,500000000,0,5,1,16.79071887,16.53199726,26.61342062,0.001211606909,0.001211606909
MPI,call,100,110,0.02,0.75,1,500000000,0,10,1,8.73287043,8.46049679,26.61182507,0.000383937089,-0.000383937089
MPI,call,100,110,0.02,0.75,1,500000000,0,25,1,4.830988649,4.509519742,26.61082971,0.001379301325,-0.001379301325
MPI,call,100,110,0.02,0.75,1,500000000,0,32,1,3.968976725,3.606188982,26.61272999,0.0005209832129,0.0005209832129
MPI,call,100,110,0.02,0.75,1,500000000,0,50,1,4.52732379,4.041478705,26.6129108,0.0007017912114,0.0007017912114
MPI,call,100,110,0.02,0.75,1,500000000,0,64,1,4.842279803,4.276550991,26.61742892,0.005219914517,0.005219914517
MPI,call,100,110,0.02,0.75,1,500000000,0,100,1,5.223465353,4.367036475,26.62022473,0.008015724703,0.008015724703
MPI,call,100,110,0.02,0.75,1,500000000,0,125,1,5.120091392,4.007103419,26.61069097,0.001518038644,-0.001518038644
MPI,call,100,110,0.02,0.75,1,750000000,0,1,1,121.8532414,121.6109227,26.61456616,0.002357152861,0.002357152861
MPI,call,100,110,0.02,0.75,1,750000000,0,5,1,25.27575095,25.01559338,26.61544808,0.003239065362,0.003239065362
MPI,call,100,110,0.02,0.75,1,750000000,0,10,1,13.12032911,12.85576138,26.61462701,0.00241800087,0.00241800087
MPI,call,100,110,0.02,0.75,1,750000000,0,25,1,6.846494321,6.518053088,26.6133952,0.001186193601,0.001186193601
MPI,call,100,110,0.02,0.75,1,750000000,0,32,1,5.738865314,5.383522037,26.61240917,0.0002001593872,0.0002001593872
MPI,call,100,110,0.02,0.75,1,750000000,0,50,1,6.139788062,5.683368421,26.61149966,0.0007093533646,-0.0007093533646
MPI,call,100,110,0.02,0.75,1,750000000,0,64,1,6.618807643,6.02694354,26.61061915,0.001589855882,-0.001589855882
MPI,call,100,110,0.02,0.75,1,750000000,0,100,1,7.132483989,6.208791093,26.60689421,0.005314800727,-0.005314800727
MPI,call,100,110,0.02,0.75,1,750000000,0,125,1,7.603423554,6.565366637,26.61314249,0.0009334806702,0.0009334806702
MPI,call,100,110,0.02,0.75,1,1000000000,0,1,1,162.0326234,161.8064388,26.60934761,0.002861399161,-0.002861399161
MPI,call,100,110,0.02,0.75,1,1000000000,0,5,1,33.80777505,33.54889172,26.61606831,0.003859298068,0.003859298068
MPI,call,100,110,0.02,0.75,1,1000000000,0,10,1,17.22031092,16.95240504,26.61421946,0.002010449275,0.002010449275
MPI,call,100,110,0.02,0.75,1,1000000000,0,25,1,9.418901336,9.102492511,26.61319928,0.0009902717811,0.0009902717811
MPI,call,100,110,0.02,0.75,1,1000000000,0,32,1,8.115970806,7.782293252,26.61064199,0.001567015913,-0.001567015913
MPI,call,100,110,0.02,0.75,1,1000000000,0,50,1,8.748043394,8.251704494,26.61458554,0.002376530947,0.002376530947
MPI,call,100,110,0.02,0.75,1,1000000000,0,64,1,8.7148086,8.141072771,26.61443692,0.002227908493,0.002227908493
MPI,call,100,110,0.02,0.75,1,1000000000,0,100,1,8.761359128,7.94367709,26.61175071,0.0004583025411,-0.0004583025411
MPI,call,100,110,0.02,0.75,1,1000000000,0,125,1,9.173345579,8.161475334,26.6102027,0.002006306261,-0.002006306261
Hybrid,call,100,110,0.02,0.75,1,100000,0,1001,1,0.255804435,0.013671503,26.81997521,0.2077661982,0.2077661982
Hybrid,call,100,110,0.02,0.75,1,100000,0,5005,1,0.260420131,0.003394314,26.5115528,0.1006562112,-0.1006562112
Hybrid,call,100,110,0.02,0.75,1,100000,0,16016,1,0.347134872,0.050873671,26.73738264,0.1251736308,0.1251736308
Hybrid,call,100,110,0.02,0.75,1,100000,0,25025,1,0.450900243,0.123141037,26.54249212,0.06971688932,-0.06971688932
Hybrid,call,100,110,0.02,0.75,1,100000,0,32032,1,0.56685107,0.188621845,26.41468987,0.1975191433,-0.1975191433
Hybrid,call,100,110,0.02,0.75,1,100000,0,50050,1,0.500733789,0.040274671,26.13195439,0.4802546223,-0.4802546223
Hybrid,call,100,110,0.02,0.75,1,100000,0,60060,1,0.62586021,0.056908952,26.31444697,0.2977620436,-0.2977620436
Hybrid,call,100,110,0.02,0.75,1,250000,0,1001,1,0.286360344,0.036832734,26.29555365,0.3166553592,-0.3166553592
Hybrid,call,100,110,0.02,0.75,1,250000,0,5005,1,0.268127414,0.008751096,26.42573896,0.1864700475,-0.1864700475
Hybrid,call,100,110,0.02,0.75,1,250000,0,16016,1,0.337906874,0.049478089,26.70955502,0.09734601408,0.09734601408
Hybrid,call,100,110,0.02,0.75,1,250000,0,25025,1,0.444346007,0.118173504,26.18037719,0.4318318242,-0.4318318242
Hybrid,call,100,110,0.02,0.75,1,250000,0,32032,1,0.554378628,0.188478705,26.71221762,0.1000086122,0.1000086122
Hybrid,call,100,110,0.02,0.75,1,250000,0,50050,1,0.527885035,0.034953333,26.40424318,0.2079658295,-0.2079658295
Hybrid,call,100,110,0.02,0.75,1,250000,0,60060,1,0.620091079,0.039361871,26.56862078,0.04358823315,-0.04358823315
Hybrid,call,100,110,0.02,0.75,1,500000,0,1001,1,0.295903823,0.065548117,26.58155342,0.03065558763,-0.03065558763
Hybrid,call,100,110,0.02,0.75,1,500000,0,5005,1,0.266175302,0.006743925,26.68835632,0.07614731396,0.07614731396
Hybrid,call,100,110,0.02,0.75,1,500000,0,16016,1,0.335328946,0.055534485,26.52910857,0.083100441,-0.083100441
Hybrid,call,100,110,0.02,0.75,1,500000,0,25025,1,0.440697934,0.119819722,26.48827188,0.1239371308,-0.1239371308
Hybrid,call,100,110,0.02,0.75,1,500000,0,32032,1,0.555295131,0.196695126,26.64690135,0.03469233644,0.03469233644
Hybrid,call,100,110,0.02,0.75,1,500000,0,50050,1,0.509156961,0.042284693,26.73015974,0.1179507322,0.1179507322
Hybrid,call,100,110,0.02,0.75,1,500000,0,60060,1,0.561449602,0.044593279,26.9255714,0.3133623855,0.3133623855
Hybrid,call,100,110,0.02,0.75,1,750000,0,1001,1,0.338149261,0.096316858,26.57632071,0.03588830127,-0.03588830127
Hybrid,call,100,110,0.02,0.75,1,750000,0,5005,1,0.268843396,0.01333532,26.67864895,0.0664399406,0.0664399406
Hybrid,call,100,110,0.02,0.75,1,750000,0,16016,1,0.342934713,0.055668503,26.5049638,0.1072452069,-0.1072452069
Hybrid,call,100,110,0.02,0.75,1,750000,0,25025,1,0.443869904,0.129760574,26.45557563,0.1566333847,-0.1566333847
Hybrid,call,100,110,0.02,0.75,1,750000,0,32032,1,0.559644456,0.223311452,26.70289269,0.09068367991,0.09068367991
Hybrid,call,100,110,0.02,0.75,1,750000,0,50050,1,0.483573839,0.03823131,26.73289017,0.1206811597,0.1206811597
Hybrid,call,100,110,0.02,0.75,1,750000,0,60060,1,0.585037886,0.040480798,26.65903255,0.04682353781,0.04682353781
Hybrid,call,100,110,0.02,0.75,1,1000000,0,1001,1,0.38064192,0.134007315,26.59124954,0.02095946929,-0.02095946929
Hybrid,call,100,110,0.02,0.75,1,1000000,0,5005,1,0.279031415,0.010389298,26.72443974,0.1122307261,0.1122307261
Hybrid,call,100,110,0.02,0.75,1,1000000,0,16016,1,0.344731129,0.052476525,26.87081523,0.2586062246,0.2586062246
Hybrid,call,100,110,0.02,0.75,1,1000000,0,25025,1,0.43453723,0.126836907,26.69630039,0.08409137566,0.08409137566
Hybrid,call,100,110,0.02,0.75,1,1000000,0,32032,1,0.567336727,0.206391674,26.65932323,0.04711422251,0.04711422251
Hybrid,call,100,110,0.02,0.75,1,1000000,0,50050,1,0.492039585,0.019872799,26.72562219,0.1134131778,0.1134131778
Hybrid,call,100,110,0.02,0.75,1,1000000,0,60060,1,0.614544183,0.045583304,26.56466407,0.04754494021,-0.04754494021
Hybrid,call,100,110,0.02,0.75,1,2500000,0,1001,1,0.587424603,0.340153295,26.5507421,0.06146691038,-0.06146691038
Hybrid,call,100,110,0.02,0.75,1,2500000,0,5005,1,0.276509103,0.025375857,26.60921629,0.002992716833,-0.002992716833
Hybrid,call,100,110,0.02,0.75,1,2500000,0,16016,1,0.349444602,0.059989723,26.40643197,0.2057770366,-0.2057770366
Hybrid,call,100,110,0.02,0.75,1,2500000,0,25025,1,0.448543045,0.133478189,26.51330668,0.0989023269,-0.0989023269
Hybrid,call,100,110,0.02,0.75,1,2500000,0,32032,1,0.549369329,0.204306538,26.59034024,0.02186876697,-0.02186876697
Hybrid,call,100,110,0.02,0.75,1,2500000,0,50050,1,0.472017722,0.028567549,26.68271221,0.07050319698,0.07050319698
Hybrid,call,100,110,0.02,0.75,1,2500000,0,60060,1,0.612863928,0.04430851,26.66140684,0.04919783375,0.04919783375
Hybrid,call,100,110,0.02,0.75,1,5000000,0,1001,1,0.904469279,0.664663724,26.63045089,0.01824187547,0.01824187547
Hybrid,call,100,110,0.02,0.75,1,5000000,0,5005,1,0.310748501,0.05138164,26.5083476,0.1038614054,-0.1038614054
Hybrid,call,100,110,0.02,0.75,1,5000000,0,16016,1,0.374579122,0.07794713,26.79245338,0.180244373,0.180244373
Hybrid,call,100,110,0.02,0.75,1,5000000,0,25025,1,0.45407375,0.144598046,26.67472448,0.06251546638,0.06251546638
Hybrid,call,100,110,0.02,0.75,1,5000000,0,32032,1,0.565340626,0.218858927,26.63611357,0.02390456428,0.02390456428
Hybrid,call,100,110,0.02,0.75,1,5000000,0,50050,1,0.497618526,0.054813083,26.52557657,0.08663244358,-0.08663244358
Hybrid,call,100,110,0.02,0.75,1,5000000,0,60060,1,0.599769997,0.064551242,26.56225318,0.04995583476,-0.04995583476
Hybrid,call,100,110,0.02,0.75,1,7500000,0,1001,1,1.241913842,1.003674941,26.61493488,0.002725868948,0.002725868948
Hybrid,call,100,110,0.02,0.75,1,7500000,0,5005,1,0.314491818,0.058320142,26.67840044,0.0661914265,0.0661914265
Hybrid,call,100,110,0.02,0.75,1,7500000,0,16016,1,0.378619403,0.091224939,26.62102045,0.008811436762,0.008811436762
Hybrid,call,100,110,0.02,0.75,1,7500000,0,25025,1,0.459228307,0.163802312,26.70300036,0.09079134864,0.09079134864
Hybrid,call,100,110,0.02,0.75,1,7500000,0,32032,1,0.575007432,0.232698249,26.75996786,0.1477588457,0.1477588457
Hybrid,call,100,110,0.02,0.75,1,7500000,0,50050,1,0.515059344,0.091940043,26.66954957,0.05734055662,0.05734055662
Hybrid,call,100,110,0.02,0.75,1,7500000,0,60060,1,0.59813231,0.077910517,26.68675219,0.07454318282,0.07454318282
Hybrid,call,100,110,0.02,0.75,1,10000000,0,1001,1,1.542310947,1.305698577,26.61656032,0.004351307848,0.004351307848
Hybrid,call,100,110,0.02,0.75,1,10000000,0,5005,1,0.33731531,0.084227127,26.6446627,0.03245368937,0.03245368937
Hybrid,call,100,110,0.02,0.75,1,10000000,0,16016,1,0.385354784,0.102785345,26.72566229,0.1134532774,0.1134532774
Hybrid,call,100,110,0.02,0.75,1,10000000,0,25025,1,0.483269809,0.179226377,26.58535788,0.02685113069,-0.02685113069
Hybrid,call,100,110,0.02,0.75,1,10000000,0,32032,1,0.600263576,0.25881571,26.6508821,0.03867308839,0.03867308839
Hybrid,call,100,110,0.02,0.75,1,10000000,0,50050,1,0.553451142,0.088196105,26.73984798,0.1276389666,0.1276389666
Hybrid,call,100,110,0.02,0.75,1,10000000,0,60060,1,0.670370506,0.088082966,26.6333824,0.02117338565,0.02117338565
Hybrid,call,100,110,0.02,0.75,1,25000000,0,1001,1,3.730327107,3.487180617,26.60160694,0.01060206852,-0.01060206852
Hybrid,call,100,110,0.02,0.75,1,25000000,0,5005,1,0.444336169,0.189485398,26.60648703,0.005721982891,-0.005721982891
Hybrid,call,100,110,0.02,0.75,1,25000000,0,16016,1,0.466667016,0.18524038,26.61958589,0.007376883722,0.007376883722
Hybrid,call,100,110,0.02,0.75,1,25000000,0,25025,1,0.568674538,0.26415285,26.5895336,0.02267541173,-0.02267541173
Hybrid,call,100,110,0.02,0.75,1,25000000,0,32032,1,0.684101474,0.357540788,26.52795738,0.08425163017,-0.08425163017
Hybrid,call,100,110,0.02,0.75,1,25000000,0,50050,1,0.651869642,0.16480201,26.59143442,0.02077459307,-0.02077459307
Hybrid,call,100,110,0.02,0.75,1,25000000,0,60060,1,0.679764849,0.172443373,26.52233397,0.08987503914,-0.08987503914
Hybrid,call,100,110,0.02,0.75,1,50000000,0,1001,1,6.470009975,6.231355361,26.60029326,0.01191574998,-0.01191574998
Hybrid,call,100,110,0.02,0.75,1,50000000,0,5005,1,0.609127094,0.350896048,26.57728207,0.03492693674,-0.03492693674
Hybrid,call,100,110,0.02,0.75,1,50000000,0,16016,1,0.604495446,0.317490937,26.61686963,0.004660621485,0.004660621485
Hybrid,call,100,110,0.02,0.75,1,50000000,0,25025,1,0.686013532,0.374606224,26.63457037,0.02236135997,0.02236135997
Hybrid,call,100,110,0.02,0.75,1,50000000,0,32032,1,0.784328469,0.439112554,26.64028302,0.02807400535,0.02807400535
Hybrid,call,100,110,0.02,0.75,1,50000000,0,50050,1,0.767769251,0.260412821,26.67605515,0.0638461447,0.0638461447
Hybrid,call,100,110,0.02,0.75,1,50000000,0,60060,1,0.856172195,0.286114949,26.64429587,0.03208685528,0.03208685528
Hybrid,call,100,110,0.02,0.75,1,75000000,0,1001,1,9.983164247,9.739335194,26.61037187,0.001837142143,-0.001837142143
Hybrid,call,100,110,0.02,0.75,1,75000000,0,5005,1,0.78867931,0.531245895,26.58736867,0.02484034441,-0.02484034441
Hybrid,call,100,110,0.02,0.75,1,75000000,0,16016,1,0.724116528,0.443271288,26.63284024,0.02063123046,0.02063123046
Hybrid,call,100,110,0.02,0.75,1,75000000,0,25025,1,0.837895371,0.529698034,26.64611715,0.03390814134,0.03390814134
Hybrid,call,100,110,0.02,0.75,1,75000000,0,32032,1,0.939611573,0.59603658,26.66052279,0.04831377696,0.04831377696
Hybrid,call,100,110,0.02,0.75,1,75000000,0,50050,1,0.906281896,0.454531632,26.68343032,0.07122131194,0.07122131194
Hybrid,call,100,110,0.02,0.75,1,75000000,0,60060,1,0.96348377,0.455957952,26.64648451,0.03427550263,0.03427550263
Hybrid,call,100,110,0.02,0.75,1,100000000,0,1001,1,13.81870701,13.58597832,26.60170451,0.01050449857,-0.01050449857
Hybrid,call,100,110,0.02,0.75,1,100000000,0,5005,1,0.931736067,0.661922244,26.61091456,0.001294447732,-0.001294447732
Hybrid,call,100,110,0.02,0.75,1,100000000,0,16016,1,0.860741674,0.562723425,26.59332838,0.01888062593,-0.01888062593
Hybrid,call,100,110,0.02,0.75,1,100000000,0,25025,1,0.943192298,0.623013765,26.59402662,0.01818239183,-0.01818239183
Hybrid,call,100,110,0.02,0.75,1,100000000,0,32032,1,1.062882062,0.713442394,26.60808576,0.004123249862,-0.004123249862
Hybrid,call,100,110,0.02,0.75,1,100000000,0,50050,1,1.047967198,0.572696928,26.6261312,0.01392219301,0.01392219301
Hybrid,call,100,110,0.02,0.75,1,100000000,0,60060,1,1.128759094,0.603080126,26.58822011,0.02398890235,-0.02398890235
Hybrid,call,100,110,0.02,0.75,1,250000000,0,1001,1,33.91054898,33.67135109,26.60717481,0.005034202221,-0.005034202221
Hybrid,call,100,110,0.02,0.75,1,250000000,0,5005,1,2.012034609,1.75417033,26.63218539,0.01997637688,0.01997637688
Hybrid,call,100,110,0.02,0.75,1,250000000,0,16016,1,1.69958662,1.415618796,26.59506332,0.01714568813,-0.01714568813
Hybrid,call,100,110,0.02,0.75,1,250000000,0,25025,1,1.772307729,1.466610952,26.62523248,0.01302346512,0.01302346512
Hybrid,call,100,110,0.02,0.75,1,250000000,0,32032,1,1.808404569,1.471689893,26.58166211,0.0305469018,-0.0305469018
Hybrid,call,100,110,0.02,0.75,1,250000000,0,50050,1,1.722785232,1.285917416,26.65365429,0.04144528123,0.04144528123
Hybrid,call,100,110,0.02,0.75,1,250000000,0,60060,1,1.907939423,1.365768513,26.61991771,0.007708699799,0.007708699799
Hybrid,call,100,110,0.02,0.75,1,500000000,0,1001,1,67.76138779,67.52012001,26.61180621,0.0004028026474,-0.0004028026474
Hybrid,call,100,110,0.02,0.75,1,500000000,0,5005,1,3.63460802,3.373406771,26.6157344,0.003525393375,0.003525393375
Hybrid,call,100,110,0.02,0.75,1,500000000,0,16016,1,3.059764104,2.770668553,26.61163678,0.000572230542,-0.000572230542
Hybrid,call,100,110,0.02,0.75,1,500000000,0,25025,1,3.180487922,2.886209242,26.59314088,0.01906813438,-0.01906813438
Hybrid,call,100,110,0.02,0.75,1,500000000,0,32032,1,3.319535417,2.981338034,26.60189596,0.01031305025,-0.01031305025
Hybrid,call,100,110,0.02,0.75,1,500000000,0,50050,1,3.197737601,2.779819996,26.59644673,0.01576228285,-0.01576228285
Hybrid,call,100,110,0.02,0.75,1,500000000,0,60060,1,3.369504342,2.901407571,26.61771932,0.005510308024,0.005510308024
Hybrid,call,100,110,0.02,0.75,1,750000000,0,1001,1,102.1966191,101.947731,26.61697151,0.004762501215,0.004762501215
Hybrid,call,100,110,0.02,0.75,1,750000000,0,5005,1,5.250683282,4.992981263,26.60213828,0.01007072561,-0.01007072561
Hybrid,call,100,110,0.02,0.75,1,750000000,0,16016,1,4.36905234,4.084013316,26.61246169,0.0002526764531,0.0002526764531
Hybrid,call,100,110,0.02,0.75,1,750000000,0,25025,1,4.34948749,4.029891624,26.62908721,0.01687820016,0.01687820016
Hybrid,call,100,110,0.02,0.75,1,750000000,0,32032,1,4.065562149,3.718896723,26.61271793,0.0005089152879,0.0005089152879
Hybrid,call,100,110,0.02,0.75,1,750000000,0,50050,1,4.06494899,3.638023757,26.62333236,0.01112334561,0.01112334561
Hybrid,call,100,110,0.02,0.75,1,750000000,0,60060,1,4.766487408,4.230159819,26.5856257,0.02658331481,-0.02658331481
Hybrid,call,100,110,0.02,0.75,1,1000000000,0,1001,1,135.4669604,135.2249314,26.60783413,0.004374879216,-0.004374879216
Hybrid,call,100,110,0.02,0.75,1,1000000000,0,5005,1,6.846419493,6.589445766,26.61296829,0.0007592773767,0.0007592773767
Hybrid,call,100,110,0.02,0.75,1,1000000000,0,16016,1,5.557956266,5.273930646,26.61286675,0.0006577428396,0.0006577428396
Hybrid,call,100,110,0.02,0.75,1,1000000000,0,25025,1,5.945120093,5.643518403,26.63390613,0.02169711765,0.02169711765
Hybrid,call,100,110,0.02,0.75,1,1000000000,0,32032,1,6.102645409,5.758838687,26.61814386,0.005934846568,0.005934846568
Hybrid,call,100,110,0.02,0.75,1,1000000000,0,50050,1,6.224244239,5.751673131,26.61192047,0.0002885420165,-0.0002885420165
Hybrid,call,100,110,0.02,0.75,1,1000000000,0,60060,1,6.249270098,5.702348413,26.61097118,0.001237831059,-0.001237831059
Serial,put,100,90,0.02,0.75,1,100000,0,0,1,0.021700747,0.02167031,22.01052218,0.02461289625,0.02461289625
Serial,put,100,90,0.02,0.75,1,250000,0,0,1,0.0431842,0.043169819,21.92051702,0.06539226434,-0.06539226434
Serial,put,100,90,0.02,0.75,1,500000,0,0,1,0.088776869,0.088748674,21.93542643,0.05048284773,-0.05048284773
Serial,put,100,90,0.02,0.75,1,750000,0,0,1,0.131323304,0.13128946,21.95026338,0.03564589938,-0.03564589938
Serial,put,100,90,0.02,0.75,1,1000000,0,0,1,0.173371575,0.173326772,21.97744762,0.008461657376,-0.008461657376
Serial,put,100,90,0.02,0.75,1,2500000,0,0,1,0.437192762,0.437168265,21.96607768,0.01983160024,-0.01983160024
Serial,put,100,90,0.02,0.75,1,5000000,0,0,1,0.871183576,0.871150703,21.97863571,0.007273571895,-0.007273571895
Serial,put,100,90,0.02,0.75,1,7500000,0,0,1,1.274881136,1.274858732,21.98931876,0.003409480504,0.003409480504
Serial,put,100,90,0.02,0.75,1,10000000,0,0,1,1.663969162,1.663936607,21.98900169,0.00309241084,0.00309241084
Serial,put,100,90,0.02,0.75,1,25000000,0,0,1,4.238573923,4.23854242,21.98526546,0.0006438212376,-0.0006438212376
Serial,put,100,90,0.02,0.75,1,50000000,0,0,1,8.437315561,8.43728894,21.9914319,0.005522624025,0.005522624025
Serial,put,100,90,0.02,0.75,1,75000000,0,0,1,12.50112384,12.50109307,21.98763377,0.001724485375,0.001724485375
Serial,put,100,90,0.02,0.75,1,100000000,0,0,1,16.55264461,16.55260452,21.9842656,0.001643680885,-0.001643680885
Serial,put,100,90,0.02,0.75,1,250000000,0,0,1,41.36277336,41.36273713,21.98954469,0.003635413575,0.003635413575
Serial,put,100,90,0.02,0.75,1,500000000,0,0,1,83.19851915,83.19848983,21.98502218,0.0008871003128,-0.0008871003128
Serial,put,100,90,0.02,0.75,1,750000000,0,0,1,125.2176131,125.2175842,21.98587801,3.127105671e-05,-3.127105671e-05
Serial,put,100,90,0.02,0.75,1,1000000000,0,0,1,166.8240298,166.8239956,21.98501131,0.0008979662517,-0.0008979662517
OMP,put,100,90,0.02,0.75,1,100000,0,1,1,0.021257728,0.021217026,22.00136403,0.01545474934,0.01545474934
OMP,put,100,90,0.02,0.75,1,100000,0,5,1,0.009437318,0.009412805,22.20778713,0.221877854,0.221877854
OMP,put,100,90,0.02,0.75,1,100000,0,10,1,0.004018472,0.003999456,22.21586574,0.2299564583,0.2299564583
OMP,put,100,90,0.02,0.75,1,100000,0,25,1,0.006770764,0.006734113,22.50843214,0.522522863,0.522522863
OMP,put,100,90,0.02,0.75,1,100000,0,32,1,0.009507049,0.009490819,22.49962982,0.5137205402,0.5137205402
OMP,put,100,90,0.02,0.75,1,100000,0,50,1,0.003455292,0.003443427,22.67335834,0.6874490619,0.6874490619
OMP,put,100,90,0.02,0.75,1,100000,0,64,1,0.003803091,0.003789258,22.70965507,0.72374579,0.72374579
OMP,put,100,90,0.02,0.75,1,100000,0,100,1,0.005215805,0.005198161,22.68022546,0.6943161769,0.6943161769
OMP,put,100,90,0.02,0.75,1,100000,0,125,1,0.00725892,0.00725045,22.65828313,0.6723738468,0.6723738468
OMP,put,100,90,0.02,0.75,1,250000,0,1,1,0.042614023,0.042602297,22.04775493,0.06184565156,0.06184565156
OMP,put,100,90,0.02,0.75,1,250000,0,5,1,0.018055258,0.018027556,22.01402053,0.0281112485,0.0281112485
OMP,put,100,90,0.02,0.75,1,250000,0,10,1,0.01021183,0.010172515,22.17793045,0.1920211742,0.1920211742
OMP,put,100,90,0.02,0.75,1,250000,0,25,1,0.004606837,0.004564473,22.18401041,0.1981011265,0.1981011265
OMP,put,100,90,0.02,0.75,1,250000,0,32,1,0.010453689,0.010433291,22.19207887,0.2061695914,0.2061695914
OMP,put,100,90,0.02,0.75,1,250000,0,50,1,0.00438598,0.004374209,22.1565513,0.1706420156,0.1706420156
OMP,put,100,90,0.02,0.75,1,250000,0,64,1,0.005086713,0.005078819,22.1822396,0.1963303242,0.1963303242
OMP,put,100,90,0.02,0.75,1,250000,0,100,1,0.007535917,0.007505986,22.2052822,0.2193729224,0.2193729224
OMP,put,100,90,0.02,0.75,1,250000,0,125,1,0.009688823,0.009664383,22.22006422,0.2341549408,0.2341549408
OMP,put,100,90,0.02,0.75,1,500000,0,1,1,0.075614134,0.075596458,22.0242326,0.03832331762,0.03832331762
OMP,put,100,90,0.02,0.75,1,500000,0,5,1,0.024997449,0.024970936,21.99522425,0.009314969944,0.009314969944
OMP,put,100,90,0.02,0.75,1,500000,0,10,1,0.014042864,0.01403276,22.01150424,0.02559496287,0.02559496287
OMP,put,100,90,0.02,0.75,1,500000,0,25,1,0.006655506,0.006627464,22.24248503,0.2565757493,0.2565757493
OMP,put,100,90,0.02,0.75,1,500000,0,32,1,0.011882739,0.011871929,22.23845175,0.2525424702,0.2525424702
OMP,put,100,90,0.02,0.75,1,500000,0,50,1,0.008739096,0.008703121,22.21972875,0.2338194725,0.2338194725
OMP,put,100,90,0.02,0.75,1,500000,0,64,1,0.007071414,0.007056991,22.18451572,0.1986064416,0.1986064416
OMP,put,100,90,0.02,0.75,1,500000,0,100,1,0.009563128,0.009545847,22.14265524,0.1567459574,0.1567459574
OMP,put,100,90,0.02,0.75,1,500000,0,125,1,0.009148966,0.009133378,22.20575361,0.2198443317,0.2198443317
OMP,put,100,90,0.02,0.75,1,750000,0,1,1,0.117040415,0.117020857,22.01051734,0.02460805883,0.02460805883
OMP,put,100,90,0.02,0.75,1,750000,0,5,1,0.031715179,0.031701809,22.01211609,0.02620681195,0.02620681195
OMP,put,100,90,0.02,0.75,1,750000,0,10,1,0.018889078,0.018858436,21.99658501,0.01067572766,0.01067572766
OMP,put,100,90,0.02,0.75,1,750000,0,25,1,0.009185056,0.009168359,21.95392343,0.03198584936,-0.03198584936
OMP,put,100,90,0.02,0.75,1,750000,0,32,1,0.013144758,0.01313088,21.92832184,0.0575874397,-0.0575874397
OMP,put,100,90,0.02,0.75,1,750000,0,50,1,0.008691941,0.008676689,21.936338,0.04957127803,-0.04957127803
OMP,put,100,90,0.02,0.75,1,750000,0,64,1,0.012355259,0.012310763,21.91664427,0.06926500537,-0.06926500537
OMP,put,100,90,0.02,0.75,1,750000,0,100,1,0.011294372,0.011281021,21.93361252,0.05229675844,-0.05229675844
OMP,put,100,90,0.02,0.75,1,750000,0,125,1,0.015490703,0.015472787,21.92461284,0.06129644259,-0.06129644259
OMP,put,100,90,0.02,0.75,1,1000000,0,1,1,0.162883314,0.162871567,21.96573223,0.02017705225,-0.02017705225
OMP,put,100,90,0.02,0.75,1,1000000,0,5,1,0.043275915,0.043236408,21.96266346,0.02324581742,-0.02324581742
OMP,put,100,90,0.02,0.75,1,1000000,0,10,1,0.026052622,0.026023641,21.89804238,0.08786690222,-0.08786690222
OMP,put,100,90,0.02,0.75,1,1000000,0,25,1,0.01441535,0.014385799,21.91842649,0.06748278985,-0.06748278985
OMP,put,100,90,0.02,0.75,1,1000000,0,32,1,0.012679424,0.012646755,21.9725218,0.01338748101,-0.01338748101
OMP,put,100,90,0.02,0.75,1,1000000,0,50,1,0.012265598,0.012231824,21.93736006,0.04854922238,-0.04854922238
OMP,put,100,90,0.02,0.75,1,1000000,0,64,1,0.013131221,0.01310976,21.96332113,0.0225881549,-0.0225881549
OMP,put,100,90,0.02,0.75,1,1000000,0,100,1,0.011286325,0.011270161,21.93120168,0.05470759559,-0.05470759559
OMP,put,100,90,0.02,0.75,1,1000000,0,125,1,0.012168618,0.012155421,21.9181516,0.06775768377,-0.06775768377
OMP,put,100,90,0.02,0.75,1,2500000,0,1,1,0.426634778,0.426617174,21.9685728,0.0173364778,-0.0173364778
OMP,put,100,90,0.02,0.75,1,2500000,0,5,1,0.093547095,0.093522727,21.9362671,0.04964217994,-0.04964217994
OMP,put,100,90,0.02,0.75,1,2500000,0,10,1,0.048382298,0.048346082,21.95157345,0.03433582868,-0.03433582868
OMP,put,100,90,0.02,0.75,1,2500000,0,25,1,0.024946575,0.024907605,21.90522719,0.08068209016,-0.08068209016
OMP,put,100,90,0.02,0.75,1,2500000,0,32,1,0.025000722,0.024984136,21.9069031,0.07900617983,-0.07900617983
OMP,put,100,90,0.02,0.75,1,2500000,0,50,1,0.018321633,0.018310105,21.88546503,0.1004442492,-0.1004442492
OMP,put,100,90,0.02,0.75,1,2500000,0,64,1,0.020876592,0.020862509,21.87281736,0.1130919224,-0.1130919224
OMP,put,100,90,0.02,0.75,1,2500000,0,100,1,0.023697475,0.023678957,21.9072684,0.07864087621,-0.07864087621
OMP,put,100,90,0.02,0.75,1,2500000,0,125,1,0.022847855,0.022827604,21.89989658,0.08601269798,-0.08601269798
OMP,put,100,90,0.02,0.75,1,5000000,0,1,1,0.854293974,0.854269211,21.98244935,0.003459931732,-0.003459931732
OMP,put,100,90,0.02,0.75,1,5000000,0,5,1,0.181114242,0.181085635,21.98291771,0.002991566729,-0.002991566729
OMP,put,100,90,0.02,0.75,1,5000000,0,10,1,0.091735886,0.09170065,21.9931444,0.007235120967,0.007235120967
OMP,put,100,90,0.02,0.75,1,5000000,0,25,1,0.043771877,0.0437351,22.05327394,0.06736465619,0.06736465619
OMP,put,100,90,0.02,0.75,1,5000000,0,32,1,0.041846795,0.041822636,22.06545901,0.07954972691,0.07954972691
OMP,put,100,90,0.02,0.75,1,5000000,0,50,1,0.0395976,0.039568326,22.09125607,0.1053467852,0.1053467852
OMP,put,100,90,0.02,0.75,1,5000000,0,64,1,0.035434516,0.035422451,22.10580557,0.1198962904,0.1198962904
OMP,put,100,90,0.02,0.75,1,5000000,0,100,1,0.040572641,0.040546402,22.11166325,0.125753969,0.125753969
OMP,put,100,90,0.02,0.75,1,5000000,0,125,1,0.038353788,0.038326527,22.11710979,0.1312005142,0.1312005142
OMP,put,100,90,0.02,0.75,1,7500000,0,1,1,1.270154546,1.270132942,21.98420323,0.001706054849,-0.001706054849
OMP,put,100,90,0.02,0.75,1,7500000,0,5,1,0.264651668,0.264608242,21.98415459,0.001754688803,-0.001754688803
OMP,put,100,90,0.02,0.75,1,7500000,0,10,1,0.147916843,0.147882658,22.00996853,0.02405924941,0.02405924941
OMP,put,100,90,0.02,0.75,1,7500000,0,25,1,0.06312157,0.063100288,22.01250196,0.02659267577,0.02659267577
OMP,put,100,90,0.02,0.75,1,7500000,0,32,1,0.049099974,0.049077308,22.03771231,0.05180303156,0.05180303156
OMP,put,100,90,0.02,0.75,1,7500000,0,50,1,0.049457015,0.049443035,22.07974394,0.09383466066,0.09383466066
OMP,put,100,90,0.02,0.75,1,7500000,0,64,1,0.049170679,0.049153824,22.07236101,0.08645173101,0.08645173101
OMP,put,100,90,0.02,0.75,1,7500000,0,100,1,0.05206226,0.052044585,22.09368994,0.1077806589,0.1077806589
OMP,put,100,90,0.02,0.75,1,7500000,0,125,1,0.052748506,0.052728608,22.05871727,0.07280798816,0.07280798816
OMP,put,100,90,0.02,0.75,1,10000000,0,1,1,1.725443772,1.725426803,21.98692725,0.001017967638,0.001017967638
OMP,put,100,90,0.02,0.75,1,10000000,0,5,1,0.348259649,0.34822865,21.98745588,0.00154659742,0.00154659742
OMP,put,100,90,0.02,0.75,1,10000000,0,10,1,0.184070856,0.184032781,21.99567414,0.009764863585,0.009764863585
OMP,put,100,90,0.02,0.75,1,10000000,0,25,1,0.075880449,0.075862796,22.04221658,0.05630729834,0.05630729834
OMP,put,100,90,0.02,0.75,1,10000000,0,32,1,0.059723741,0.059710809,22.07041931,0.08451003287,0.08451003287
OMP,put,100,90,0.02,0.75,1,10000000,0,50,1,0.063206355,0.063185852,22.06695354,0.08104425639,0.08104425639
OMP,put,100,90,0.02,0.75,1,10000000,0,64,1,0.064848222,0.064829263,22.06631003,0.08040075299,0.08040075299
OMP,put,100,90,0.02,0.75,1,10000000,0,100,1,0.066012915,0.065991447,22.0932128,0.1073035186,0.1073035186
OMP,put,100,90,0.02,0.75,1,10000000,0,125,1,0.068029124,0.068012393,22.09984859,0.1139393082,0.1139393082
OMP,put,100,90,0.02,0.75,1,25000000,0,1,1,4.229701474,4.229687685,21.98417761,0.00173166759,-0.00173166759
OMP,put,100,90,0.02,0.75,1,25000000,0,5,1,0.860485616,0.860446834,21.97069064,0.01521863759,-0.01521863759
OMP,put,100,90,0.02,0.75,1,25000000,0,10,1,0.43785512,0.43781469,21.9618422,0.02406707863,-0.02406707863
OMP,put,100,90,0.02,0.75,1,25000000,0,25,1,0.191959453,0.191936194,21.95602772,0.02988156254,-0.02988156254
OMP,put,100,90,0.02,0.75,1,25000000,0,32,1,0.158894291,0.158875788,21.95820927,0.02770000658,-0.02770000658
OMP,put,100,90,0.02,0.75,1,25000000,0,50,1,0.160462082,0.16044697,21.96029573,0.02561355344,-0.02561355344
OMP,put,100,90,0.02,0.75,1,25000000,0,64,1,0.157124198,0.157111856,21.96606414,0.01984514404,-0.01984514404
OMP,put,100,90,0.02,0.75,1,25000000,0,100,1,0.158293774,0.158273889,21.96519643,0.02071284616,-0.02071284616
OMP,put,100,90,0.02,0.75,1,25000000,0,125,1,0.161062582,0.161044597,21.96335844,0.02255083935,-0.02255083935
OMP,put,100,90,0.02,0.75,1,50000000,0,1,1,8.362931408,8.362919846,21.98549429,0.000414987493,-0.000414987493
OMP,put,100,90,0.02,0.75,1,50000000,0,5,1,1.70259122,1.702558321,21.97153124,0.01437803584,-0.01437803584
OMP,put,100,90,0.02,0.75,1,50000000,0,10,1,0.863446444,0.86340812,21.98539526,0.000514022787,-0.000514022787
OMP,put,100,90,0.02,0.75,1,50000000,0,25,1,0.369408727,0.36936943,21.97262509,0.01328419033,-0.01328419033
OMP,put,100,90,0.02,0.75,1,50000000,0,32,1,0.302904491,0.30288648,22.0157792,0.02986992196,0.02986992196
OMP,put,100,90,0.02,0.75,1,50000000,0,50,1,0.301528055,0.301514825,22.02024342,0.03433414033,0.03433414033
OMP,put,100,90,0.02,0.75,1,50000000,0,64,1,0.300789375,0.300775421,22.013356,0.0274467181,0.0274467181
OMP,put,100,90,0.02,0.75,1,50000000,0,100,1,0.305159714,0.305145879,21.99785839,0.01194910859,0.01194910859
OMP,put,100,90,0.02,0.75,1,50000000,0,125,1,0.305435848,0.305421425,21.99927849,0.01336921425,0.01336921425
OMP,put,100,90,0.02,0.75,1,75000000,0,1,1,12.543361,12.54334131,21.98323964,0.00266963825,-0.00266963825
OMP,put,100,90,0.02,0.75,1,75000000,0,5,1,2.558736283,2.5587015,21.99337487,0.007465590405,0.007465590405
OMP,put,100,90,0.02,0.75,1,75000000,0,10,1,1.301795094,1.301772967,21.99251206,0.006602778381,0.006602778381
OMP,put,100,90,0.02,0.75,1,75000000,0,25,1,0.567438859,0.56742312,21.99098593,0.005076647252,0.005076647252
OMP,put,100,90,0.02,0.75,1,75000000,0,32,1,0.484069093,0.484052374,21.99295176,0.007042481785,0.007042481785
OMP,put,100,90,0.02,0.75,1,75000000,0,50,1,0.475129498,0.475117706,21.96944268,0.01646659552,-0.01646659552
OMP,put,100,90,0.02,0.75,1,75000000,0,64,1,0.483908722,0.483886677,21.96938986,0.01651942283,-0.01651942283
OMP,put,100,90,0.02,0.75,1,75000000,0,100,1,0.480137549,0.480125729,21.92673999,0.05916928644,-0.05916928644
OMP,put,100,90,0.02,0.75,1,75000000,0,125,1,0.496097574,0.496077796,21.91365069,0.07225858791,-0.07225858791
OMP,put,100,90,0.02,0.75,1,100000000,0,1,1,16.34448281,16.34446992,21.98010407,0.005805212401,-0.005805212401
OMP,put,100,90,0.02,0.75,1,100000000,0,5,1,3.390015859,3.389994428,21.98030456,0.005604721513,-0.005604721513
OMP,put,100,90,0.02,0.75,1,100000000,0,10,1,1.722905686,1.72287271,21.99745699,0.01154770833,0.01154770833
OMP,put,100,90,0.02,0.75,1,100000000,0,25,1,0.80379226,0.803777539,21.98666004,0.0007507609178,0.0007507609178
OMP,put,100,90,0.02,0.75,1,100000000,0,32,1,0.667318851,0.667281083,21.98723299,0.00132370704,0.00132370704
OMP,put,100,90,0.02,0.75,1,100000000,0,50,1,0.643870093,0.643849687,21.98294588,0.002963400113,-0.002963400113
OMP,put,100,90,0.02,0.75,1,100000000,0,64,1,0.634484554,0.634472288,21.98159281,0.00431646957,-0.00431646957
OMP,put,100,90,0.02,0.75,1,100000000,0,100,1,0.651120097,0.651099393,21.970254,0.01565528393,-0.01565528393
OMP,put,100,90,0.02,0.75,1,100000000,0,125,1,0.637225279,0.637207987,21.97422035,0.01168892702,-0.01168892702
OMP,put,100,90,0.02,0.75,1,250000000,0,1,1,41.36014407,41.36011543,21.98515152,0.0007577550098,-0.0007577550098
OMP,put,100,90,0.02,0.75,1,250000000,0,5,1,8.432467427,8.432443287,21.98779643,0.00188715484,0.00188715484
OMP,put,100,90,0.02,0.75,1,250000000,0,10,1,4.296490477,4.296477031,21.98232644,0.003582842717,-0.003582842717
OMP,put,100,90,0.02,0.75,1,250000000,0,25,1,2.019271736,2.019238729,21.98836492,0.002455643153,0.002455643153
OMP,put,100,90,0.02,0.75,1,250000000,0,32,1,1.592135791,1.59209436,21.99056257,0.004653289462,0.004653289462
OMP,put,100,90,0.02,0.75,1,250000000,0,50,1,1.610225128,1.610208728,21.97620828,0.009700999492,-0.009700999492
OMP,put,100,90,0.02,0.75,1,250000000,0,64,1,1.638171623,1.638156716,21.99287493,0.006965652443,0.006965652443
OMP,put,100,90,0.02,0.75,1,250000000,0,100,1,1.635505777,1.635492734,21.98570861,0.0002006711858,-0.0002006711858
OMP,put,100,90,0.02,0.75,1,250000000,0,125,1,1.619418566,1.619403606,21.98025341,0.005655868585,-0.005655868585
OMP,put,100,90,0.02,0.75,1,500000000,0,1,1,84.43377016,84.43375136,21.98521012,0.0006991599499,-0.0006991599499
OMP,put,100,90,0.02,0.75,1,500000000,0,5,1,17.03488225,17.03485548,21.98654659,0.0006373100931,0.0006373100931
OMP,put,100,90,0.02,0.75,1,500000000,0,10,1,8.613192873,8.613155876,21.98250775,0.003401529182,-0.003401529182
OMP,put,100,90,0.02,0.75,1,500000000,0,25,1,3.87306613,3.873051395,21.98023653,0.005672749124,-0.005672749124
OMP,put,100,90,0.02,0.75,1,500000000,0,32,1,3.257191789,3.257177287,21.99065724,0.004747960782,0.004747960782
OMP,put,100,90,0.02,0.75,1,500000000,0,50,1,3.297132662,3.297114177,21.98144914,0.004460143162,-0.004460143162
OMP,put,100,90,0.02,0.75,1,500000000,0,64,1,3.304595873,3.304579205,21.98249144,0.003417835593,-0.003417835593
OMP,put,100,90,0.02,0.75,1,500000000,0,100,1,3.188214208,3.188197302,21.98588548,2.37959054e-05,-2.37959054e-05
OMP,put,100,90,0.02,0.75,1,500000000,0,125,1,3.250623725,3.25060325,21.96657858,0.01933069904,-0.01933069904
OMP,put,100,90,0.02,0.75,1,750000000,0,1,1,124.4939915,124.4939755,21.984061,0.001848283949,-0.001848283949
OMP,put,100,90,0.02,0.75,1,750000000,0,5,1,25.44407005,25.44405438,21.98469047,0.001218812567,-0.001218812567
OMP,put,100,90,0.02,0.75,1,750000000,0,10,1,12.8397568,12.83974212,21.98746148,0.001552203852,0.001552203852
OMP,put,100,90,0.02,0.75,1,750000000,0,25,1,6.115699554,6.115679106,21.98789575,0.001986465519,0.001986465519
OMP,put,100,90,0.02,0.75,1,750000000,0,32,1,5.399619118,5.399600866,21.97943491,0.006474372687,-0.006474372687
OMP,put,100,90,0.02,0.75,1,750000000,0,50,1,5.390445315,5.390427604,21.97897286,0.006936424204,-0.006936424204
OMP,put,100,90,0.02,0.75,1,750000000,0,64,1,5.198450822,5.198435378,21.99204148,0.006132204524,0.006132204524
OMP,put,100,90,0.02,0.75,1,750000000,0,100,1,5.088192955,5.088177823,21.98587433,3.494780897e-05,-3.494780897e-05
OMP,put,100,90,0.02,0.75,1,750000000,0,125,1,5.102112643,5.102097634,21.99723991,0.0113306315,0.0113306315
OMP,put,100,90,0.02,0.75,1,1000000000,0,1,1,167.3418069,167.3417904,21.98671855,0.0008092703094,0.0008092703094
OMP,put,100,90,0.02,0.75,1,1000000000,0,5,1,33.78255626,33.78252134,21.9842248,0.001684481935,-0.001684481935
OMP,put,100,90,0.02,0.75,1,1000000000,0,10,1,17.11273971,17.11271577,21.98806419,0.002154914194,0.002154914194
OMP,put,100,90,0.02,0.75,1,1000000000,0,25,1,7.775141928,7.775123767,21.98440777,0.001501512679,-0.001501512679
OMP,put,100,90,0.02,0.75,1,1000000000,0,32,1,5.724764319,5.724747704,21.98508436,0.0008249188739,-0.0008249188739
OMP,put,100,90,0.02,0.75,1,1000000000,0,50,1,5.986670227,5.986652074,21.98681173,0.0009024531029,0.0009024531029
OMP,put,100,90,0.02,0.75,1,1000000000,0,64,1,6.561821853,6.561804935,21.99417686,0.00826758156,0.00826758156
OMP,put,100,90,0.02,0.75,1,1000000000,0,100,1,6.770752995,6.770734997,21.98124413,0.004665145346,-0.004665145346
OMP,put,100,90,0.02,0.75,1,1000000000,0,125,1,7.352419798,7.352398562,21.98126524,0.004644042592,-0.004644042592
MPI,put,100,90,0.02,0.75,1,100000,0,1,1,0.258503249,0.014738365,21.91619938,0.06970990253,-0.06970990253
MPI,put,100,90,0.02,0.75,1,100000,0,5,1,0.263908365,0.006565068,21.92246362,0.06344566236,-0.06344566236
MPI,put,100,90,0.02,0.75,1,100000,0,10,1,0.274916138,0.007570879,21.98161172,0.004297558959,-0.004297558959
MPI,put,100,90,0.02,0.75,1,100000,0,25,1,0.32104333,0.003386937,21.91823795,0.06767132523,-0.06767132523
MPI,put,100,90,0.02,0.75,1,100000,0,32,1,0.350618383,0.014127553,21.90062462,0.08528466168,-0.08528466168
MPI,put,100,90,0.02,0.75,1,100000,0,50,1,0.453653758,0.010593297,21.88042445,0.10548483,-0.10548483
MPI,put,100,90,0.02,0.75,1,100000,0,64,1,0.715060676,0.011743746,21.93356855,0.05234072767,-0.05234072767
MPI,put,100,90,0.02,0.75,1,100000,0,100,1,0.939058538,0.026040536,22.04026783,0.05435854632,0.05435854632
MPI,put,100,90,0.02,0.75,1,100000,0,125,1,1.033172278,0.012091656,22.10239928,0.1164899982,0.1164899982
MPI,put,100,90,0.02,0.75,1,250000,0,1,1,0.27339554,0.038488072,22.00856125,0.02265197335,0.02265197335
MPI,put,100,90,0.02,0.75,1,250000,0,5,1,0.276731034,0.022872026,21.85902889,0.1268803869,-0.1268803869
MPI,put,100,90,0.02,0.75,1,250000,0,10,1,0.281443973,0.014864288,21.92539764,0.06051163842,-0.06051163842
MPI,put,100,90,0.02,0.75,1,250000,0,25,1,0.326384856,0.008010199,21.98351164,0.002397641992,-0.002397641992
MPI,put,100,90,0.02,0.75,1,250000,0,32,1,0.344006922,0.007585889,21.9864672,0.0005579206093,0.0005579206093
MPI,put,100,90,0.02,0.75,1,250000,0,50,1,0.494210881,0.015141231,21.97532443,0.01058484893,-0.01058484893
MPI,put,100,90,0.02,0.75,1,250000,0,64,1,0.582527879,0.006395799,22.02595818,0.04004890188,0.04004890188
MPI,put,100,90,0.02,0.75,1,250000,0,100,1,0.919451435,0.009360826,21.93672332,0.0491859642,-0.0491859642
MPI,put,100,90,0.02,0.75,1,250000,0,125,1,1.131473572,0.006665388,22.06368543,0.0777761469,0.0777761469
MPI,put,100,90,0.02,0.75,1,500000,0,1,1,0.339000856,0.089182856,21.96929511,0.01661417163,-0.01661417163
MPI,put,100,90,0.02,0.75,1,500000,0,5,1,0.277657769,0.019797237,21.96111944,0.02478984225,-0.02478984225
MPI,put,100,90,0.02,0.75,1,500000,0,10,1,0.297381392,0.023151122,21.95927658,0.0266327012,-0.0266327012
MPI,put,100,90,0.02,0.75,1,500000,0,25,1,0.321752712,0.014362321,21.926227,0.05968228107,-0.05968228107
MPI,put,100,90,0.02,0.75,1,500000,0,32,1,0.365460263,0.012983344,21.9765065,0.009402779414,-0.009402779414
MPI,put,100,90,0.02,0.75,1,500000,0,50,1,0.478753962,0.016768032,21.98680507,0.0008957857089,0.0008957857089
MPI,put,100,90,0.02,0.75,1,500000,0,64,1,0.657283725,0.010934135,21.9842002,0.001709081199,-0.001709081199
MPI,put,100,90,0.02,0.75,1,500000,0,100,1,0.901570214,0.020195394,21.93088114,0.05502814003,-0.05502814003
MPI,put,100,90,0.02,0.75,1,500000,0,125,1,1.041233774,0.018329843,22.02876259,0.04285331484,0.04285331484
MPI,put,100,90,0.02,0.75,1,750000,0,1,1,0.349197409,0.110355462,22.01544427,0.02953499166,0.02953499166
MPI,put,100,90,0.02,0.75,1,750000,0,5,1,0.27856022,0.032764236,21.97343088,0.01247839961,-0.01247839961
MPI,put,100,90,0.02,0.75,1,750000,0,10,1,0.283757674,0.025721642,21.98740768,0.001498400217,0.001498400217
MPI,put,100,90,0.02,0.75,1,750000,0,25,1,0.333386734,0.013997398,21.99294922,0.007039935666,0.007039935666
MPI,put,100,90,0.02,0.75,1,750000,0,32,1,0.348516643,0.013390762,22.02905649,0.0431472134,0.0431472134
MPI,put,100,90,0.02,0.75,1,750000,0,50,1,0.461478249,0.015588384,22.03193118,0.04602190009,0.04602190009
MPI,put,100,90,0.02,0.75,1,750000,0,64,1,0.566135315,0.01718019,21.99184905,0.005939767072,0.005939767072
MPI,put,100,90,0.02,0.75,1,750000,0,100,1,0.872093492,0.023032206,21.9922449,0.006335624966,0.006335624966
MPI,put,100,90,0.02,0.75,1,750000,0,125,1,1.037119447,0.024085568,21.96430052,0.02160875825,-0.02160875825
MPI,put,100,90,0.02,0.75,1,1000000,0,1,1,0.399980526,0.15929644,21.95697952,0.02892976155,-0.02892976155
MPI,put,100,90,0.02,0.75,1,1000000,0,5,1,0.296706319,0.04208311,21.95045758,0.0354516969,-0.0354516969
MPI,put,100,90,0.02,0.75,1,1000000,0,10,1,0.306192998,0.040109226,21.95317522,0.03273406179,-0.03273406179
MPI,put,100,90,0.02,0.75,1,1000000,0,25,1,0.334374984,0.024171826,21.96166052,0.02424875615,-0.02424875615
MPI,put,100,90,0.02,0.75,1,1000000,0,32,1,0.375471587,0.007808898,21.93545144,0.05045783839,-0.05045783839
MPI,put,100,90,0.02,0.75,1,1000000,0,50,1,0.514189121,0.019630468,21.96648429,0.01942498814,-0.01942498814
MPI,put,100,90,0.02,0.75,1,1000000,0,64,1,0.637335704,0.020896822,21.9778124,0.008096884463,-0.008096884463
MPI,put,100,90,0.02,0.75,1,1000000,0,100,1,0.857344317,0.027057805,21.98223845,0.003670826483,-0.003670826483
MPI,put,100,90,0.02,0.75,1,1000000,0,125,1,1.023212444,0.025765691,21.9689533,0.01695597682,-0.01695597682
MPI,put,100,90,0.02,0.75,1,2500000,0,1,1,0.653434146,0.41946863,21.96150395,0.02440532986,-0.02440532986
MPI,put,100,90,0.02,0.75,1,2500000,0,5,1,0.378985106,0.120693759,21.97192932,0.0139799598,-0.0139799598
MPI,put,100,90,0.02,0.75,1,2500000,0,10,1,0.355160116,0.084848355,21.99931923,0.01340995139,0.01340995139
MPI,put,100,90,0.02,0.75,1,2500000,0,25,1,0.350988196,0.044384469,21.97798388,0.007925402551,-0.007925402551
MPI,put,100,90,0.02,0.75,1,2500000,0,32,1,0.391744015,0.038507459,21.97470472,0.01120456417,-0.01120456417
MPI,put,100,90,0.02,0.75,1,2500000,0,50,1,0.51560467,0.046558316,21.99581741,0.009908132796,0.009908132796
MPI,put,100,90,0.02,0.75,1,2500000,0,64,1,0.633147111,0.018053774,21.99606142,0.01015213867,0.01015213867
MPI,put,100,90,0.02,0.75,1,2500000,0,100,1,0.853624462,0.040672365,21.98224126,0.003668015774,-0.003668015774
MPI,put,100,90,0.02,0.75,1,2500000,0,125,1,1.196181003,0.047297489,21.99592127,0.01001198504,0.01001198504
MPI,put,100,90,0.02,0.75,1,5000000,0,1,1,1.076671384,0.833276892,21.98149307,0.004416213311,-0.004416213311
MPI,put,100,90,0.02,0.75,1,5000000,0,5,1,0.423819939,0.176041065,21.97227937,0.01362990706,-0.01362990706
MPI,put,100,90,0.02,0.75,1,5000000,0,10,1,0.401325474,0.130489911,22.00392458,0.01801530087,0.01801530087
MPI,put,100,90,0.02,0.75,1,5000000,0,25,1,0.394839936,0.07606969,21.98726887,0.001359588823,0.001359588823
MPI,put,100,90,0.02,0.75,1,5000000,0,32,1,0.425717989,0.065975255,21.98339653,0.002512748732,-0.002512748732
MPI,put,100,90,0.02,0.75,1,5000000,0,50,1,0.530757624,0.07783512,21.99281842,0.006909143316,0.006909143316
MPI,put,100,90,0.02,0.75,1,5000000,0,64,1,0.635462957,0.066477431,21.9811239,0.004785380792,-0.004785380792
MPI,put,100,90,0.02,0.75,1,5000000,0,100,1,0.888588452,0.046063392,21.9813504,0.004558883953,-0.004558883953
MPI,put,100,90,0.02,0.75,1,5000000,0,125,1,1.182409434,0.061943438,21.98813474,0.002225460847,0.002225460847
MPI,put,100,90,0.02,0.75,1,7500000,0,1,1,1.487291438,1.242316661,21.99268488,0.006775602984,0.006775602984
MPI,put,100,90,0.02,0.75,1,7500000,0,5,1,0.532760219,0.275307804,21.98438106,0.001528220272,-0.001528220272
MPI,put,100,90,0.02,0.75,1,7500000,0,10,1,0.453810498,0.192013915,21.98851965,0.002610371298,0.002610371298
MPI,put,100,90,0.02,0.75,1,7500000,0,25,1,0.413758372,0.113503065,21.99481042,0.008901136495,0.008901136495
MPI,put,100,90,0.02,0.75,1,7500000,0,32,1,0.456510444,0.111087942,21.97166793,0.01424135141,-0.01424135141
MPI,put,100,90,0.02,0.75,1,7500000,0,50,1,0.544287815,0.092587564,21.96569882,0.02021045544,-0.02021045544
MPI,put,100,90,0.02,0.75,1,7500000,0,64,1,0.649087336,0.082791855,21.97433657,0.01157271069,-0.01157271069
MPI,put,100,90,0.02,0.75,1,7500000,0,100,1,0.957273186,0.086634329,21.98591186,2.581808975e-06,2.581808975e-06
MPI,put,100,90,0.02,0.75,1,7500000,0,125,1,1.124315713,0.040876785,21.98579421,0.0001150712183,-0.0001150712183
MPI,put,100,90,0.02,0.75,1,10000000,0,1,1,1.900853576,1.669375017,21.99438657,0.008477289705,0.008477289705
MPI,put,100,90,0.02,0.75,1,10000000,0,5,1,0.606954494,0.347507315,21.99338275,0.007473471303,0.007473471303
MPI,put,100,90,0.02,0.75,1,10000000,0,10,1,0.509386841,0.233587441,21.98519393,0.0007153516291,-0.0007153516291
MPI,put,100,90,0.02,0.75,1,10000000,0,25,1,0.463220776,0.144323162,21.9726515,0.01325778473,-0.01325778473
MPI,put,100,90,0.02,0.75,1,10000000,0,32,1,0.484477694,0.140815938,21.97052617,0.01538311162,-0.01538311162
MPI,put,100,90,0.02,0.75,1,10000000,0,50,1,0.564755322,0.110887662,21.98986947,0.003960189097,0.003960189097
MPI,put,100,90,0.02,0.75,1,10000000,0,64,1,0.64035708,0.112795365,21.99213544,0.006226156946,0.006226156946
MPI,put,100,90,0.02,0.75,1,10000000,0,100,1,1.021455759,0.115669178,21.98205879,0.003850489195,-0.003850489195
MPI,put,100,90,0.02,0.75,1,10000000,0,125,1,1.165404754,0.131125819,21.97608682,0.009822455862,-0.009822455862
MPI,put,100,90,0.02,0.75,1,25000000,0,1,1,4.258339543,4.024546809,21.98546576,0.0004435228699,-0.0004435228699
MPI,put,100,90,0.02,0.75,1,25000000,0,5,1,1.133705215,0.877814684,21.98189302,0.00401626379,-0.00401626379
MPI,put,100,90,0.02,0.75,1,25000000,0,10,1,0.740923125,0.47918045,21.98025885,0.005650433254,-0.005650433254
MPI,put,100,90,0.02,0.75,1,25000000,0,25,1,0.596515808,0.268266915,21.98813565,0.002226365061,0.002226365061
MPI,put,100,90,0.02,0.75,1,25000000,0,32,1,0.674746867,0.297849311,21.98718371,0.001274426173,0.001274426173
MPI,put,100,90,0.02,0.75,1,25000000,0,50,1,0.717383057,0.239865209,21.9897116,0.003802319164,0.003802319164
MPI,put,100,90,0.02,0.75,1,25000000,0,64,1,0.78331509,0.234013562,21.98776652,0.001857244972,0.001857244972
MPI,put,100,90,0.02,0.75,1,25000000,0,100,1,1.141809358,0.231520479,21.99006174,0.004152457569,0.004152457569
MPI,put,100,90,0.02,0.75,1,25000000,0,125,1,1.331900793,0.230976418,21.98956828,0.003659002627,0.003659002627
MPI,put,100,90,0.02,0.75,1,50000000,0,1,1,8.527007116,8.288400305,21.98915205,0.003242774329,0.003242774329
MPI,put,100,90,0.02,0.75,1,50000000,0,5,1,1.986439021,1.727575075,21.98672448,0.0008151956072,0.0008151956072
MPI,put,100,90,0.02,0.75,1,50000000,0,10,1,1.164407224,0.886066938,21.98578098,0.0001282997619,-0.0001282997619
MPI,put,100,90,0.02,0.75,1,50000000,0,25,1,0.839199366,0.511700803,21.99031786,0.004408576737,0.004408576737
MPI,put,100,90,0.02,0.75,1,50000000,0,32,1,0.767219312,0.411596363,21.98520257,0.0007067141518,-0.0007067141518
MPI,put,100,90,0.02,0.75,1,50000000,0,50,1,0.88419666,0.458474944,21.98699888,0.001089595814,0.001089595814
MPI,put,100,90,0.02,0.75,1,50000000,0,64,1,1.009834096,0.458386413,21.98676187,0.00085258857,0.00085258857
MPI,put,100,90,0.02,0.75,1,50000000,0,100,1,1.273543853,0.450052722,21.98516531,0.00074397103,-0.00074397103
MPI,put,100,90,0.02,0.75,1,50000000,0,125,1,1.519448346,0.452096232,21.99075647,0.004847189212,0.004847189212
MPI,put,100,90,0.02,0.75,1,75000000,0,1,1,12.56864042,12.3384259,21.99137383,0.005464552998,0.005464552998
MPI,put,100,90,0.02,0.75,1,75000000,0,5,1,2.818595061,2.557591718,21.98685395,0.0009446715428,0.0009446715428
MPI,put,100,90,0.02,0.75,1,75000000,0,10,1,1.605514759,1.337625768,21.98467,0.001239277578,-0.001239277578
MPI,put,100,90,0.02,0.75,1,75000000,0,25,1,1.037001588,0.734153219,21.98606675,0.0001574718357,0.0001574718357
MPI,put,100,90,0.02,0.75,1,75000000,0,32,1,0.924673798,0.589527275,21.98131465,0.004594625802,-0.004594625802
MPI,put,100,90,0.02,0.75,1,75000000,0,50,1,1.139121682,0.645809052,21.98115141,0.00475787274,-0.00475787274
MPI,put,100,90,0.02,0.75,1,75000000,0,64,1,1.132077356,0.61302304,21.98724534,0.001336064191,0.001336064191
MPI,put,100,90,0.02,0.75,1,75000000,0,100,1,1.653989805,0.735597804,21.98855521,0.002645929342,0.002645929342
MPI,put,100,90,0.02,0.75,1,75000000,0,125,1,1.730898503,0.692068418,21.98885619,0.002946913591,0.002946913591
MPI,put,100,90,0.02,0.75,1,100000000,0,1,1,16.57103301,16.34056674,21.98884887,0.002939591455,0.002939591455
MPI,put,100,90,0.02,0.75,1,100000000,0,5,1,3.702448178,3.449435268,21.98244684,0.003462444933,-0.003462444933
MPI,put,100,90,0.02,0.75,1,100000000,0,10,1,2.053606832,1.782697783,21.98602975,0.0001204698191,0.0001204698191
MPI,put,100,90,0.02,0.75,1,100000000,0,25,1,1.240052062,0.934805337,21.98671178,0.0008025022536,0.0008025022536
MPI,put,100,90,0.02,0.75,1,100000000,0,32,1,1.114891452,0.753922236,21.98551338,0.0003958971485,-0.0003958971485
MPI,put,100,90,0.02,0.75,1,100000000,0,50,1,1.291130153,0.80356811,21.9870423,0.00113302406,0.00113302406
MPI,put,100,90,0.02,0.75,1,100000000,0,64,1,1.478592122,0.850648783,21.98643454,0.0005252634482,0.0005252634482
MPI,put,100,90,0.02,0.75,1,100000000,0,100,1,1.847735005,1.006620895,21.98483661,0.00107267488,-0.00107267488
MPI,put,100,90,0.02,0.75,1,100000000,0,125,1,2.169922605,1.03335781,21.98460652,0.001302759272,-0.001302759272
MPI,put,100,90,0.02,0.75,1,250000000,0,1,1,41.66692621,41.42490337,21.98558551,0.0003237700467,-0.0003237700467
MPI,put,100,90,0.02,0.75,1,250000000,0,5,1,8.818257025,8.566747051,21.98622626,0.0003169810509,0.0003169810509
MPI,put,100,90,0.02,0.75,1,250000000,0,10,1,4.649999146,4.380889267,21.98551727,0.0003920065601,-0.0003920065601
MPI,put,100,90,0.02,0.75,1,250000000,0,25,1,2.615847818,2.295233537,21.98738396,0.001474675154,0.001474675154
MPI,put,100,90,0.02,0.75,1,250000000,0,32,1,2.209433768,1.860281745,21.98621445,0.0003051736725,0.0003051736725
MPI,put,100,90,0.02,0.75,1,250000000,0,50,1,2.446791106,1.981805826,21.98841418,0.002504904413,0.002504904413
MPI,put,100,90,0.02,0.75,1,250000000,0,64,1,2.779616128,2.157405864,21.98587282,3.645852703e-05,-3.645852703e-05
MPI,put,100,90,0.02,0.75,1,250000000,0,100,1,3.148006936,2.241508198,21.98382165,0.002087626429,-0.002087626429
MPI,put,100,90,0.02,0.75,1,250000000,0,125,1,3.036170964,1.979254143,21.9833506,0.002558682797,-0.002558682797
MPI,put,100,90,0.02,0.75,1,500000000,0,1,1,82.01987003,81.78665002,21.98621311,0.0003038265914,0.0003038265914
MPI,put,100,90,0.02,0.75,1,500000000,0,5,1,17.35781525,17.0998249,21.98813763,0.002228351917,0.002228351917
MPI,put,100,90,0.02,0.75,1,500000000,0,10,1,8.939494612,8.671822838,21.98560347,0.0003058089622,-0.0003058089622
MPI,put,100,90,0.02,0.75,1,500000000,0,25,1,4.90192893,4.599217058,21.98463192,0.001277357587,-0.001277357587
MPI,put,100,90,0.02,0.75,1,500000000,0,32,1,3.912475513,3.568001251,21.98584575,6.353381106e-05,-6.353381106e-05
MPI,put,100,90,0.02,0.75,1,500000000,0,50,1,4.295854145,3.837633682,21.98634334,0.0004340594326,0.0004340594326
MPI,put,100,90,0.02,0.75,1,500000000,0,64,1,4.536242949,3.92625065,21.98576389,0.0001453933372,-0.0001453933372
MPI,put,100,90,0.02,0.75,1,500000000,0,100,1,5.665854143,4.695572288,21.98521306,0.0006962163957,-0.0006962163957
MPI,put,100,90,0.02,0.75,1,500000000,0,125,1,5.650370246,4.61267534,21.98699933,0.001090052178,0.001090052178
MPI,put,100,90,0.02,0.75,1,750000000,0,1,1,124.9582859,124.7278878,21.98835466,0.002445378881,0.002445378881
MPI,put,100,90,0.02,0.75,1,750000000,0,5,1,25.85376002,25.59371646,21.98551939,0.0003898928779,-0.0003898928779
MPI,put,100,90,0.02,0.75,1,750000000,0,10,1,13.32463437,13.06017082,21.9846883,0.001220980611,-0.001220980611
MPI,put,100,90,0.02,0.75,1,750000000,0,25,1,7.177998129,6.86712999,21.98499527,0.0009140112534,-0.0009140112534
MPI,put,100,90,0.02,0.75,1,750000000,0,32,1,5.994586151,5.644083883,21.98598747,7.819482169e-05,7.819482169e-05
MPI,put,100,90,0.02,0.75,1,750000000,0,50,1,6.921212874,6.446559487,21.98696613,0.001056853499,0.001056853499
MPI,put,100,90,0.02,0.75,1,750000000,0,64,1,6.738058331,6.187605106,21.98557389,0.0003353896547,-0.0003353896547
MPI,put,100,90,0.02,0.75,1,750000000,0,100,1,7.132827714,6.256995245,21.98734222,0.001432940922,0.001432940922
MPI,put,100,90,0.02,0.75,1,750000000,0,125,1,7.502118899,6.453850234,21.98586296,4.631988379e-05,-4.631988379e-05
MPI,put,100,90,0.02,0.75,1,1000000000,0,1,1,164.4867221,164.2525958,21.98660655,0.0006972702669,0.0006972702669
MPI,put,100,90,0.02,0.75,1,1000000000,0,5,1,34.7245384,34.4640533,21.98689657,0.0009872923904,0.0009872923904
MPI,put,100,90,0.02,0.75,1,1000000000,0,10,1,17.57609346,17.30604579,21.98578884,0.0001204416958,-0.0001204416958
MPI,put,100,90,0.02,0.75,1,1000000000,0,25,1,9.474960352,9.156864601,21.98761852,0.001709239114,0.001709239114
MPI,put,100,90,0.02,0.75,1,1000000000,0,32,1,8.192451887,7.863771468,21.98552655,0.0003827263824,-0.0003827263824
MPI,put,100,90,0.02,0.75,1,1000000000,0,50,1,8.855684209,8.443069404,21.98688966,0.0009803784448,0.0009803784448
MPI,put,100,90,0.02,0.75,1,1000000000,0,64,1,8.328314922,7.739821851,21.98573254,0.0001767355775,-0.0001767355775
MPI,put,100,90,0.02,0.75,1,1000000000,0,100,1,8.420014762,7.538876364,21.98712508,0.001215797143,0.001215797143
MPI,put,100,90,0.02,0.75,1,1000000000,0,125,1,9.349108213,8.452061581,21.98589066,1.86227677e-05,-1.86227677e-05
Hybrid,put,100,90,0.02,0.75,1,100000,0,1001,1,0.252396924,0.012378939,21.9487586,0.03715067905,-0.03715067905
Hybrid,put,100,90,0.02,0.75,1,100000,0,5005,1,0.258056334,0.00529243,22.13963861,0.1537293323,0.1537293323
Hybrid,put,100,90,0.02,0.75,1,100000,0,16016,1,0.345467444,0.050556986,21.97411957,0.01178971352,-0.01178971352
Hybrid,put,100,90,0.02,0.75,1,100000,0,25025,1,0.442677594,0.124434673,21.9792328,0.006676477756,-0.006676477756
Hybrid,put,100,90,0.02,0.75,1,100000,0,32032,1,0.544693949,0.21050123,22.03158147,0.045672193,0.045672193
Hybrid,put,100,90,0.02,0.75,1,100000,0,50050,1,0.499114161,0.035717488,21.915972,0.06993728474,-0.06993728474
Hybrid,put,100,90,0.02,0.75,1,100000,0,60060,1,0.59859066,0.039006117,21.94072585,0.04518343394,-0.04518343394
Hybrid,put,100,90,0.02,0.75,1,250000,0,1001,1,0.26983253,0.030734228,21.90906949,0.07683979233,-0.07683979233
Hybrid,put,100,90,0.02,0.75,1,250000,0,5005,1,0.2651084,0.008363814,21.94972895,0.03618032916,-0.03618032916
Hybrid,put,100,90,0.02,0.75,1,250000,0,16016,1,0.343523894,0.056808367,22.0103403,0.02443102437,0.02443102437
Hybrid,put,100,90,0.02,0.75,1,250000,0,25025,1,0.455942847,0.134381336,21.99051303,0.004603747609,0.004603747609
Hybrid,put,100,90,0.02,0.75,1,250000,0,32032,1,0.569226876,0.208865039,22.05698588,0.07107659551,0.07107659551
Hybrid,put,100,90,0.02,0.75,1,250000,0,50050,1,0.461903444,0.034151723,21.63415029,0.3517589872,-0.3517589872
Hybrid,put,100,90,0.02,0.75,1,250000,0,60060,1,0.574526395,0.040877015,21.69980957,0.2860997087,-0.2860997087
Hybrid,put,100,90,0.02,0.75,1,500000,0,1001,1,0.307692022,0.061060302,22.0122957,0.02638641945,0.02638641945
Hybrid,put,100,90,0.02,0.75,1,500000,0,5005,1,0.260999617,0.013379129,22.01058352,0.02467423995,0.02467423995
Hybrid,put,100,90,0.02,0.75,1,500000,0,16016,1,0.343086016,0.055231319,21.87225165,0.1136576292,-0.1136576292
Hybrid,put,100,90,0.02,0.75,1,500000,0,25025,1,0.45059615,0.133275797,21.87135121,0.1145580712,-0.1145580712
Hybrid,put,100,90,0.02,0.75,1,500000,0,32032,1,0.566100142,0.207025749,21.99423754,0.00832826282,0.00832826282
Hybrid,put,100,90,0.02,0.75,1,500000,0,50050,1,0.499336848,0.042658205,22.0120704,0.02616111613,0.02616111613
Hybrid,put,100,90,0.02,0.75,1,500000,0,60060,1,0.546552444,0.025663887,22.02213437,0.03622508694,0.03622508694
Hybrid,put,100,90,0.02,0.75,1,750000,0,1001,1,0.337390584,0.096426519,22.04147955,0.0555702654,0.0555702654
Hybrid,put,100,90,0.02,0.75,1,750000,0,5005,1,0.270999929,0.014839027,21.91285222,0.07305705574,-0.07305705574
Hybrid,put,100,90,0.02,0.75,1,750000,0,16016,1,0.343818383,0.053635628,22.05076114,0.06485185923,0.06485185923
Hybrid,put,100,90,0.02,0.75,1,750000,0,25025,1,0.460395183,0.124652408,22.04561232,0.05970303989,0.05970303989
Hybrid,put,100,90,0.02,0.75,1,750000,0,32032,1,0.562718655,0.19525097,21.94122302,0.04468626351,-0.04468626351
Hybrid,put,100,90,0.02,0.75,1,750000,0,50050,1,0.51046999,0.045853588,21.86516762,0.1207416609,-0.1207416609
Hybrid,put,100,90,0.02,0.75,1,750000,0,60060,1,0.529123694,0.028591452,21.88526698,0.1006422978,-0.1006422978
Hybrid,put,100,90,0.02,0.75,1,1000000,0,1001,1,0.393353481,0.149946138,21.99840911,0.01249983286,0.01249983286
Hybrid,put,100,90,0.02,0.75,1,1000000,0,5005,1,0.282278648,0.024380907,21.90289829,0.08301098595,-0.08301098595
Hybrid,put,100,90,0.02,0.75,1,1000000,0,16016,1,0.344426646,0.058737894,21.9581361,0.02777318071,-0.02777318071
Hybrid,put,100,90,0.02,0.75,1,1000000,0,25025,1,0.44367741,0.127858398,21.95881999,0.02708929482,-0.02708929482
Hybrid,put,100,90,0.02,0.75,1,1000000,0,32032,1,0.552824052,0.206595285,22.01860936,0.03270007993,0.03270007993
Hybrid,put,100,90,0.02,0.75,1,1000000,0,50050,1,0.520603768,0.039900795,21.88825037,0.09765890564,-0.09765890564
Hybrid,put,100,90,0.02,0.75,1,1000000,0,60060,1,0.633278849,0.049145601,21.89551413,0.09039515171,-0.09039515171
Hybrid,put,100,90,0.02,0.75,1,2500000,0,1001,1,0.574977918,0.334892222,21.98188925,0.004020034783,-0.004020034783
Hybrid,put,100,90,0.02,0.75,1,2500000,0,5005,1,0.294382039,0.032273915,21.96147067,0.02443861121,-0.02443861121
Hybrid,put,100,90,0.02,0.75,1,2500000,0,16016,1,0.355747286,0.060804225,21.99369443,0.007785151683,0.007785151683
Hybrid,put,100,90,0.02,0.75,1,2500000,0,25025,1,0.456310285,0.135433599,21.92967486,0.05623441853,-0.05623441853
Hybrid,put,100,90,0.02,0.75,1,2500000,0,32032,1,0.557729586,0.222010705,21.90586049,0.08004878925,-0.08004878925
Hybrid,put,100,90,0.02,0.75,1,2500000,0,50050,1,0.540940329,0.037312511,21.92928215,0.05662713237,-0.05662713237
Hybrid,put,100,90,0.02,0.75,1,2500000,0,60060,1,0.670373218,0.047848007,21.97499623,0.01091305336,-0.01091305336
Hybrid,put,100,90,0.02,0.75,1,5000000,0,1001,1,0.974565444,0.730394639,21.99309589,0.007186610004,0.007186610004
Hybrid,put,100,90,0.02,0.75,1,5000000,0,5005,1,0.299916897,0.04594307,22.01919929,0.03329000877,0.03329000877
Hybrid,put,100,90,0.02,0.75,1,5000000,0,16016,1,0.37094892,0.074579139,21.97961937,0.006289914693,-0.006289914693
Hybrid,put,100,90,0.02,0.75,1,5000000,0,25025,1,0.454018413,0.1447701,21.94913902,0.03677026486,-0.03677026486
Hybrid,put,100,90,0.02,0.75,1,5000000,0,32032,1,0.576266129,0.239125159,21.97261323,0.01329604734,-0.01329604734
Hybrid,put,100,90,0.02,0.75,1,5000000,0,50050,1,0.524942217,0.045864383,22.01438008,0.02847079922,0.02847079922
Hybrid,put,100,90,0.02,0.75,1,5000000,0,60060,1,0.585949859,0.058471256,21.9911809,0.005271621409,0.005271621409
Hybrid,put,100,90,0.02,0.75,1,7500000,0,1001,1,1.303124801,1.061084701,21.98217936,0.00372992346,-0.00372992346
Hybrid,put,100,90,0.02,0.75,1,7500000,0,5005,1,0.306500473,0.055759973,21.97747004,0.008439240844,-0.008439240844
Hybrid,put,100,90,0.02,0.75,1,7500000,0,16016,1,0.386600054,0.08787847,21.94555398,0.04035529652,-0.04035529652
Hybrid,put,100,90,0.02,0.75,1,7500000,0,25025,1,0.482519878,0.163368429,21.95933711,0.0265721744,-0.0265721744
Hybrid,put,100,90,0.02,0.75,1,7500000,0,32032,1,0.592982037,0.241257325,21.97152063,0.01438865344,-0.01438865344
Hybrid,put,100,90,0.02,0.75,1,7500000,0,50050,1,0.518214429,0.068374893,22.00421788,0.01830860174,0.01830860174
Hybrid,put,100,90,0.02,0.75,1,7500000,0,60060,1,0.686422799,0.076311001,21.9674307,0.01847858025,-0.01847858025
Hybrid,put,100,90,0.02,0.75,1,10000000,0,1001,1,1.639189965,1.396328153,21.97962436,0.006284923367,-0.006284923367
Hybrid,put,100,90,0.02,0.75,1,10000000,0,5005,1,0.335353233,0.086919667,22.00228277,0.0163734945,0.0163734945
Hybrid,put,100,90,0.02,0.75,1,10000000,0,16016,1,0.391481147,0.107608216,21.99447755,0.008568265877,0.008568265877
Hybrid,put,100,90,0.02,0.75,1,10000000,0,25025,1,0.49670551,0.180272601,21.9571065,0.02880278263,-0.02880278263
Hybrid,put,100,90,0.02,0.75,1,10000000,0,32032,1,0.618151049,0.269368637,21.97235416,0.01355511617,-0.01355511617
Hybrid,put,100,90,0.02,0.75,1,10000000,0,50050,1,0.510534714,0.083665636,21.9903923,0.004483018603,0.004483018603
Hybrid,put,100,90,0.02,0.75,1,10000000,0,60060,1,0.629596052,0.093608648,21.98214203,0.003767250131,-0.003767250131
Hybrid,put,100,90,0.02,0.75,1,25000000,0,1001,1,3.675366554,3.427901563,21.98410372,0.001805560321,-0.001805560321
Hybrid,put,100,90,0.02,0.75,1,25000000,0,5005,1,0.453998341,0.182554522,21.99687549,0.01096620883,0.01096620883
Hybrid,put,100,90,0.02,0.75,1,25000000,0,16016,1,0.489926647,0.201902432,21.98885884,0.002949559478,0.002949559478
Hybrid,put,100,90,0.02,0.75,1,25000000,0,25025,1,0.568202459,0.269419738,21.95477699,0.0311322925,-0.0311322925
Hybrid,put,100,90,0.02,0.75,1,25000000,0,32032,1,0.687441738,0.344303902,21.98459908,0.001310203421,-0.001310203421
Hybrid,put,100,90,0.02,0.75,1,25000000,0,50050,1,0.580947981,0.123869529,21.99221639,0.006307111062,0.006307111062
Hybrid,put,100,90,0.02,0.75,1,25000000,0,60060,1,0.681970885,0.168975489,22.00047167,0.01456238744,0.01456238744
Hybrid,put,100,90,0.02,0.75,1,50000000,0,1001,1,7.036796903,6.793018728,21.9796355,0.006273776774,-0.006273776774
Hybrid,put,100,90,0.02,0.75,1,50000000,0,5005,1,0.582623908,0.325323934,21.99210906,0.006199775511,0.006199775511
Hybrid,put,100,90,0.02,0.75,1,50000000,0,16016,1,0.593973184,0.307986992,21.99444792,0.008538636442,0.008538636442
Hybrid,put,100,90,0.02,0.75,1,50000000,0,25025,1,0.686486885,0.383193099,21.99091423,0.005004952628,0.005004952628
Hybrid,put,100,90,0.02,0.75,1,50000000,0,32032,1,0.804199963,0.456526319,22.00145762,0.01554834057,0.01554834057
Hybrid,put,100,90,0.02,0.75,1,50000000,0,50050,1,0.74065334,0.283198387,21.97030947,0.01559981093,-0.01559981093
Hybrid,put,100,90,0.02,0.75,1,50000000,0,60060,1,0.791590212,0.294944169,21.97050166,0.01540762414,-0.01540762414
Hybrid,put,100,90,0.02,0.75,1,75000000,0,1001,1,10.65289457,10.42158641,21.9882513,0.00234202294,0.00234202294
Hybrid,put,100,90,0.02,0.75,1,75000000,0,5005,1,0.754992821,0.504059812,21.98533576,0.0005735229242,-0.0005735229242
Hybrid,put,100,90,0.02,0.75,1,75000000,0,16016,1,0.728776965,0.437173057,21.99207063,0.006161350916,0.006161350916
Hybrid,put,100,90,0.02,0.75,1,75000000,0,25025,1,0.82344621,0.50204796,21.96823966,0.01766961701,-0.01766961701
Hybrid,put,100,90,0.02,0.75,1,75000000,0,32032,1,0.914888753,0.54960805,22.0101134,0.02420411787,0.02420411787
Hybrid,put,100,90,0.02,0.75,1,75000000,0,50050,1,0.951497425,0.416820675,21.98761625,0.001706972803,0.001706972803
Hybrid,put,100,90,0.02,0.75,1,75000000,0,60060,1,0.979863691,0.427072642,21.95392883,0.03198045137,-0.03198045137
Hybrid,put,100,90,0.02,0.75,1,100000000,0,1001,1,14.34070041,14.09291326,21.9894318,0.003522523677,0.003522523677
Hybrid,put,100,90,0.02,0.75,1,100000000,0,5005,1,0.921182206,0.662922626,21.98902388,0.003114604446,0.003114604446
Hybrid,put,100,90,0.02,0.75,1,100000000,0,16016,1,0.862300638,0.576226327,21.9806669,0.005242383465,-0.005242383465
Hybrid,put,100,90,0.02,0.75,1,100000000,0,25025,1,0.952391499,0.628038662,22.00169747,0.01578818704,0.01578818704
Hybrid,put,100,90,0.02,0.75,1,100000000,0,32032,1,1.05232295,0.692011199,22.00502807,0.01911878782,0.01911878782
Hybrid,put,100,90,0.02,0.75,1,100000000,0,50050,1,0.99241241,0.521883149,21.99011539,0.004206111165,0.004206111165
Hybrid,put,100,90,0.02,0.75,1,100000000,0,60060,1,1.092960767,0.539255594,21.98593599,2.670895303e-05,2.670895303e-05
Hybrid,put,100,90,0.02,0.75,1,250000000,0,1001,1,35.01925852,34.76718957,21.98702617,0.001116890456,0.001116890456
Hybrid,put,100,90,0.02,0.75,1,250000000,0,5005,1,2.104829511,1.845592318,21.9834577,0.002451580013,-0.002451580013
Hybrid,put,100,90,0.02,0.75,1,250000000,0,16016,1,1.670642479,1.378834275,21.98824305,0.002333768493,0.002333768493
Hybrid,put,100,90,0.02,0.75,1,250000000,0,25025,1,1.813515386,1.506960892,21.97652771,0.009381569984,-0.009381569984
Hybrid,put,100,90,0.02,0.75,1,250000000,0,32032,1,1.992213354,1.654656745,21.9856457,0.0002635812265,-0.0002635812265
Hybrid,put,100,90,0.02,0.75,1,250000000,0,50050,1,1.903429356,1.4371046,21.98766394,0.001754657722,0.001754657722
Hybrid,put,100,90,0.02,0.75,1,250000000,0,60060,1,2.003266847,1.419081838,21.97916697,0.006742312897,-0.006742312897
Hybrid,put,100,90,0.02,0.75,1,500000000,0,1001,1,68.71410854,68.47452686,21.98419213,0.00171714757,-0.00171714757
Hybrid,put,100,90,0.02,0.75,1,500000000,0,5005,1,3.838365856,3.579446411,21.98597688,6.760208194e-05,6.760208194e-05
Hybrid,put,100,90,0.02,0.75,1,500000000,0,16016,1,3.229055122,2.943617434,21.98474561,0.001163669644,-0.001163669644
Hybrid,put,100,90,0.02,0.75,1,500000000,0,25025,1,3.231570961,2.922292469,21.97547198,0.01043730402,-0.01043730402
Hybrid,put,100,90,0.02,0.75,1,500000000,0,32032,1,3.228662773,2.883569644,21.99091759,0.005008308068,0.005008308068
Hybrid,put,100,90,0.02,0.75,1,500000000,0,50050,1,3.260442518,2.841604128,21.99779569,0.01188640966,0.01188640966
Hybrid,put,100,90,0.02,0.75,1,500000000,0,60060,1,3.701341679,3.103320105,21.97763095,0.008278330152,-0.008278330152
Hybrid,put,100,90,0.02,0.75,1,750000000,0,1001,1,104.0803541,103.8414463,21.98632764,0.0004183627048,0.0004183627048
Hybrid,put,100,90,0.02,0.75,1,750000000,0,5005,1,5.430533001,5.175344435,21.98284659,0.003062690713,-0.003062690713
Hybrid,put,100,90,0.02,0.75,1,750000000,0,16016,1,4.485974427,4.197686214,21.98336707,0.002542213231,-0.002542213231
Hybrid,put,100,90,0.02,0.75,1,750000000,0,25025,1,4.674422511,4.356666345,21.98662464,0.0007153600396,0.0007153600396
Hybrid,put,100,90,0.02,0.75,1,750000000,0,32032,1,4.804075055,4.445065899,21.98793566,0.002026376549,0.002026376549
Hybrid,put,100,90,0.02,0.75,1,750000000,0,50050,1,4.65918965,4.226213972,21.98578213,0.0001271469682,-0.0001271469682
Hybrid,put,100,90,0.02,0.75,1,750000000,0,60060,1,4.719200159,4.211179125,21.98257886,0.003330420503,-0.003330420503
Hybrid,put,100,90,0.02,0.75,1,1000000000,0,1001,1,139.1787252,138.9397657,21.98571248,0.000196797778,-0.000196797778
Hybrid,put,100,90,0.02,0.75,1,1000000000,0,5005,1,7.061593519,6.794633841,21.98385544,0.00205383898,-0.00205383898
Hybrid,put,100,90,0.02,0.75,1,1000000000,0,16016,1,6.028879952,5.737325561,21.98290191,0.003007372341,-0.003007372341
Hybrid,put,100,90,0.02,0.75,1,1000000000,0,25025,1,6.058107431,5.757001094,21.99014365,0.004234371581,0.004234371581
Hybrid,put,100,90,0.02,0.75,1,1000000000,0,32032,1,5.698210638,5.352158009,21.97985838,0.006050900739,-0.006050900739
Hybrid,put,100,90,0.02,0.75,1,1000000000,0,50050,1,6.270794195,5.767801918,21.9744989,0.01141038134,-0.01141038134
Hybrid,put,100,90,0.02,0.75,1,1000000000,0,60060,1,5.901721057,5.398434186,21.9786684,0.007240881724,-0.007240881724
